0,1,2,3,4,5,6,7,8,9,10,11,12,13,14,15,16,17,18,19,20,21,22,23,24
2016-01-01,480.753675,498.753675,393.753675,393.753675,362.804675,328.753675,193.967675,286.063675,327.673675,393.753675,393.753675,393.753675,393.753675,393.753675,393.753675,393.753675,393.753675,480.753675,480.753675,480.753675,480.753675,480.753675,480.753675,480.753675
2016-01-02,388.169584,388.169584,387.169584,387.169584,387.169584,387.169584,387.169584,388.169584,388.169584,388.169584,392.169584,392.169584,392.169584,392.169584,392.169584,392.169584,392.169584,392.169584,497.169584,497.169584,497.169584,497.169584,392.169584,388.169584
2016-01-03,585.620874,446.620874,446.620874,364.620874,364.620874,364.620874,364.620874,364.620874,446.620874,506.620874,596.620874,526.620874,526.620874,526.620874,526.620874,526.620874,506.620874,526.620874,585.620874,585.620874,585.620874,585.620874,526.620874,596.620874
2016-01-04,447.349303,447.349303,367.349303,367.349303,367.349303,447.349303,447.349303,527.349303,586.349303,586.349303,586.349303,586.349303,586.349303,586.349303,586.349303,586.349303,586.349303,586.349303,637.349303,637.349303,586.349303,586.349303,586.349303,527.349303
2016-01-05,456.671402,456.671402,456.671402,456.671402,456.671402,456.671402,456.671402,476.671402,546.671402,626.671402,641.671402,651.671402,651.671402,651.671402,651.671402,651.671402,641.671402,641.671402,696.671402,651.671402,641.671402,641.671402,546.671402,546.671402
2016-01-06,641.621628,546.621628,546.621628,476.621628,476.621628,641.621628,641.621628,642.621628,642.621628,642.621628,711.621628,676.621628,642.621628,711.621628,676.621628,676.621628,642.621628,642.621628,676.621628,676.621628,642.621628,642.621628,642.621628,641.621628
2016-01-07,546.620874,546.620874,546.620874,546.620874,546.620874,546.620874,546.620874,546.620874,556.620874,641.620874,656.620874,676.620874,676.620874,676.620874,676.620874,676.620874,676.620874,676.620874,806.620874,796.620874,676.620874,676.620874,641.620874,546.620874
2016-01-08,522.88644,522.88644,522.88644,522.88644,522.88644,522.88644,522.88644,532.45644,542.45644,552.45644,642.45644,642.45644,642.45644,642.45644,645.45644,645.45644,642.45644,642.45644,645.45644,645.45644,642.45644,642.45644,552.45644,532.45644
2016-01-09,517.013128,375.025128,346.513128,346.513128,346.513128,375.025128,361.064128,517.013128,542.013128,547.013128,547.013128,547.013128,547.013128,547.013128,547.013128,547.013128,547.013128,547.013128,547.013128,547.013128,547.013128,547.013128,547.013128,537.013128
2016-01-10,541.658402,541.658402,516.658402,516.658402,516.658402,516.658402,516.658402,416.658402,516.658402,541.658402,541.658402,546.658402,547.758402,547.758402,546.658402,546.658402,546.658402,546.658402,547.758402,547.758402,547.758402,547.758402,547.758402,541.658402
2016-01-11,486.764845,486.764845,456.359845,406.864845,406.864845,486.764845,406.864845,480.998845,486.764845,486.764845,486.764845,486.764845,541.864845,541.864845,486.764845,486.764845,486.764845,486.764845,816.864845,846.864845,846.864845,846.864845,541.864845,486.764845
2016-01-12,496.775559,482.775559,377.765559,472.721559,478.230559,482.775559,496.775559,541.775559,596.775559,596.775559,709.664559,851.775559,851.775559,851.775559,846.775559,846.775559,816.775559,646.775559,846.775559,846.775559,851.775559,709.664559,596.775559,541.775559
2016-01-13,617.029915,617.029915,617.029915,617.029915,637.029915,637.029915,637.029915,657.029915,657.029915,657.029915,747.029915,852.029915,747.029915,747.029915,747.029915,747.029915,747.029915,657.029915,747.029915,747.029915,657.029915,657.029915,657.029915,637.029915
2016-01-14,761.620874,616.620874,596.620874,596.620874,596.620874,736.620874,736.620874,761.620874,776.620874,776.620874,865.044874,865.044874,865.044874,865.044874,865.044874,843.620874,776.620874,776.620874,843.620874,865.044874,776.620874,776.620874,796.620874,761.620874
2016-01-15,514.660991,476.660991,476.660991,514.660991,514.660991,514.660991,716.560991,716.560991,716.560991,771.660991,771.660991,771.660991,771.660991,771.660991,771.660991,771.660991,771.660991,771.660991,771.660991,796.660991,771.660991,771.660991,716.560991,716.560991
2016-01-16,516.834662,486.834662,475.834662,376.803662,376.803662,475.834662,486.834662,596.834662,676.734662,676.734662,676.734662,766.834662,766.834662,676.734662,676.734662,676.734662,676.734662,676.734662,766.834662,865.261662,676.734662,676.734662,676.734662,516.834662
2016-01-17,586.831207,456.881207,446.881207,446.881207,446.881207,446.881207,446.881207,446.881207,446.881207,468.541207,586.831207,586.831207,586.831207,586.831207,586.831207,586.831207,586.831207,586.831207,586.831207,596.881207,596.881207,586.831207,586.831207,586.831207
2016-01-18,556.737893,506.737893,396.737893,396.737893,396.737893,506.737893,506.737893,584.737893,631.737893,695.737893,841.537893,841.537893,841.537893,841.537893,841.537893,841.537893,841.537893,695.737893,841.537893,841.537893,841.537893,841.537893,631.737893,556.737893
2016-01-19,497.620874,497.620874,497.620874,497.620874,497.620874,497.620874,506.620874,516.620874,546.620874,606.620874,636.570874,636.570874,636.570874,636.570874,636.570874,636.570874,606.620874,546.620874,636.570874,636.570874,606.620874,606.620874,546.620874,506.620874
2016-01-20,495.620874,486.620874,486.620874,486.620874,486.620874,496.620874,496.620874,496.620874,506.620874,546.620874,546.620874,576.620874,586.570874,586.570874,586.570874,586.570874,586.570874,576.620874,586.570874,586.570874,586.570874,586.570874,546.620874,506.620874
2016-01-21,487.420874,486.620874,486.620874,486.620874,486.620874,487.420874,487.420874,487.420874,487.420874,491.620874,493.620874,506.620874,506.620874,506.620874,506.620874,506.620874,506.620874,493.620874,516.620874,516.620874,506.620874,506.620874,487.420874,487.420874
2016-01-22,472.047082,457.047082,457.047082,457.047082,457.047082,472.047082,472.047082,484.047082,486.047082,492.047082,597.047082,787.047082,597.047082,597.047082,787.047082,787.047082,597.047082,486.047082,492.047082,597.047082,492.047082,865.477082,486.047082,472.993082
2016-01-23,451.699793,396.699793,396.699793,396.699793,396.699793,426.699793,451.699793,481.799793,491.699793,786.699793,746.699793,746.699793,746.699793,746.699793,746.699793,586.699793,586.699793,586.699793,746.699793,746.699793,746.699793,586.699793,483.699793,481.799793
2016-01-24,451.622779,451.622779,416.622779,451.622779,416.622779,416.622779,416.622779,416.622779,451.622779,861.622779,516.622779,721.622779,721.622779,861.622779,516.622779,516.622779,456.622779,456.622779,721.622779,721.622779,721.622779,721.622779,516.622779,451.622779
2016-01-25,446.630195,446.630195,416.063195,416.063195,446.630195,456.630195,456.630195,516.630195,676.630195,676.630195,696.630195,696.630195,696.630195,696.630195,696.630195,696.630195,696.630195,676.630195,696.630195,716.630195,696.630195,676.630195,676.630195,456.630195
2016-01-26,466.638611,466.638611,466.638611,466.638611,466.638611,466.638611,466.638611,467.638611,476.638611,481.638611,546.638611,594.752611,546.638611,594.752611,594.752611,594.752611,546.638611,481.638611,594.752611,594.752611,594.752611,546.638611,476.638611,467.638611
2016-01-27,420.897016,420.897016,396.783016,396.783016,420.897016,420.897016,431.022016,461.783016,468.283016,468.283016,468.283016,476.783016,476.783016,476.783016,476.783016,546.783016,476.783016,468.283016,476.783016,476.783016,476.783016,468.283016,468.283016,446.783016
2016-01-28,421.275257,421.275257,421.275257,421.275257,421.275257,421.275257,447.161257,457.161257,467.161257,469.261257,469.261257,475.161257,475.161257,475.161257,547.161257,478.616257,475.161257,469.261257,475.161257,475.161257,475.161257,469.261257,469.261257,467.161257
2016-01-29,446.624853,406.624853,406.624853,406.624853,406.624853,446.624853,456.624853,456.624853,467.124853,467.124853,507.624853,507.624853,507.624853,467.124853,507.624853,507.624853,467.124853,467.124853,467.124853,467.124853,467.124853,467.124853,467.124853,456.624853
2016-01-30,446.620874,396.620874,391.621874,391.621874,391.621874,391.621874,391.621874,396.620874,446.620874,461.620874,476.620874,508.689874,476.620874,476.620874,476.620874,476.620874,461.620874,461.620874,476.620874,508.689874,476.620874,476.620874,461.620874,446.620874
2016-01-31,397.62728,397.62728,397.62728,397.62728,397.62728,397.62728,351.10428,397.62728,447.62728,452.62828,452.62828,452.62828,452.62828,452.62828,452.62828,452.62828,447.62728,452.62828,452.62828,462.62728,462.62728,452.62828,452.62828,447.62728
2016-02-01,431.764121,416.764121,416.764121,416.764121,416.764121,431.764121,431.764121,431.764121,442.774121,442.774121,455.764121,455.765121,455.764121,455.764121,455.765121,455.765121,455.764121,442.774121,455.765121,455.765121,455.765121,455.765121,442.774121,431.764121
2016-02-02,407.737317,407.737317,407.737317,407.737317,407.737317,407.737317,407.737317,416.736317,471.736317,472.852317,472.852317,472.852317,472.852317,472.852317,472.852317,472.852317,472.852317,472.852317,472.852317,472.852317,472.852317,471.736317,441.736317,407.737317
2016-02-03,391.668988,391.668988,371.668988,371.668988,387.284988,451.668988,456.668988,461.668988,466.669988,466.669988,466.669988,466.669988,466.669988,466.669988,466.669988,466.669988,466.669988,466.669988,466.669988,466.669988,466.669988,466.669988,461.668988,451.668988
2016-02-04,431.655189,431.655189,426.141189,421.655189,431.655189,450.656189,450.656189,450.656189,450.656189,450.656189,469.655189,470.345189,469.655189,469.655189,470.345189,470.345189,469.655189,470.345189,470.345189,470.345189,470.345189,470.345189,450.656189,450.656189
2016-02-05,441.700301,421.700301,391.700301,391.700301,421.700301,476.456301,451.700301,451.700301,476.456301,476.456301,476.456301,480.700301,476.456301,480.700301,480.700301,476.456301,476.456301,451.700301,476.456301,476.456301,476.456301,476.456301,451.700301,430.775301
2016-02-06,442.17303,422.17303,422.17303,422.17303,422.17303,442.17303,442.17303,462.17303,472.17303,479.17303,479.17303,479.17303,479.17303,479.17303,479.17303,479.17303,479.17303,472.17303,479.17303,479.17303,479.17303,557.31903,479.17303,479.17303
2016-02-07,441.654085,441.654085,431.654085,431.654085,431.654085,431.654085,421.654085,431.654085,441.654085,441.654085,441.654085,441.654085,441.654085,441.654085,441.654085,441.654085,441.654085,441.654085,441.654085,470.154085,470.154085,470.154085,441.654085,441.654085
2016-02-08,336.277262,342.089262,342.089262,338.691262,359.909262,431.164262,422.089262,442.089262,452.089262,457.089262,457.089262,458.089262,457.089262,457.089262,458.089262,457.089262,457.089262,452.089262,458.089262,470.589262,458.089262,457.089262,452.089262,422.089262
2016-02-09,359.822753,355.873753,359.642753,355.873753,359.822753,359.822753,359.822753,359.822753,421.822753,446.822753,446.822753,446.822753,446.822753,446.822753,446.822753,446.822753,441.822753,430.897753,446.822753,446.822753,446.822753,456.822753,359.822753,359.822753
2016-02-10,349.744164,349.744164,349.744164,349.744164,349.744164,421.744164,421.744164,421.744164,431.744164,431.744164,451.744164,451.744164,451.744164,451.744164,452.744164,452.744164,451.744164,452.744164,452.744164,464.433164,452.744164,452.744164,421.744164,357.443164
2016-02-11,436.646367,436.646367,436.646367,436.646367,436.646367,442.646367,442.646367,442.646367,442.646367,446.646367,451.646367,451.646367,451.646367,451.646367,451.646367,452.646367,451.646367,446.646367,451.646367,466.646367,452.646367,452.646367,442.646367,442.646367
2016-02-12,431.703076,430.778076,391.703076,391.703076,431.703076,449.703076,449.703076,449.703076,449.703076,456.703076,476.703076,476.703076,456.703076,476.703076,496.803076,496.803076,476.703076,456.703076,476.703076,496.803076,496.803076,456.703076,449.703076,449.703076
2016-02-13,461.64818,461.64818,461.64818,441.64818,461.64818,461.64818,461.64818,461.64818,501.64818,501.64818,527.74818,527.74818,527.74818,527.74818,527.74818,521.64818,521.64818,527.74818,527.74818,527.74818,527.74818,521.64818,501.64818,461.64818
2016-02-14,516.647515,516.647515,516.647515,516.647515,516.647515,516.647515,516.647515,516.647515,516.647515,523.647515,523.647515,551.647515,574.747515,574.747515,551.647515,551.647515,523.647515,523.647515,574.747515,596.647515,574.747515,574.747515,551.647515,516.647515
2016-02-15,426.703005,391.703005,391.703005,391.703005,411.703005,426.703005,551.703005,571.703005,662.403005,662.403005,681.703005,691.703005,681.703005,691.703005,691.703005,691.703005,691.703005,681.703005,691.703005,791.703005,868.308005,681.703005,662.403005,551.703005
2016-02-16,509.6472,509.6472,509.6472,509.6472,509.6472,509.6472,581.6472,611.6472,651.6472,651.6472,651.6472,831.6472,831.6472,841.6472,841.6472,841.6472,831.6472,831.6472,841.6472,841.6472,841.6472,831.6472,651.6472,611.6472
2016-02-17,836.646367,831.646367,831.646367,831.646367,831.646367,836.646367,836.646367,836.646367,868.146367,868.245367,868.245367,868.245367,868.245367,868.245367,868.245367,868.245367,868.245367,868.245367,868.245367,868.245367,868.245367,868.245367,836.646367,836.646367
2016-02-18,851.646367,851.646367,841.646367,841.646367,851.646367,868.245367,868.245367,868.245367,868.245367,868.245367,868.248367,868.248367,868.248367,868.248367,868.248367,868.248367,868.248367,868.248367,868.248367,868.248367,868.248367,868.248367,868.245367,868.245367
2016-02-19,861.646367,841.646367,866.646367,866.646367,861.646367,866.646367,868.247367,868.247367,868.248367,868.251367,868.252367,868.253367,868.252367,868.252367,868.253367,868.253367,868.252367,868.251367,868.252367,868.253367,868.252367,868.251367,868.247367,868.247367
2016-02-20,868.248367,868.245367,868.245367,868.245367,868.245367,868.248367,868.248367,868.248367,868.250367,868.252367,868.253367,868.253367,868.252367,868.252367,868.251367,868.250367,868.248367,868.248367,868.252367,868.253367,868.252367,868.251367,868.248367,868.247367
2016-02-21,868.248367,868.248367,868.146367,868.146367,868.146367,868.146367,868.146367,868.146367,868.146367,868.248367,868.248367,868.248367,868.248367,868.250367,868.248367,868.248367,868.248367,868.248367,868.251367,868.253367,868.253367,868.252367,868.248367,868.248367
2016-02-22,772.510603,405.196603,330.246603,330.246603,383.966603,869.100603,869.112603,869.112603,869.114603,869.115603,869.116603,869.117603,869.115603,869.116603,869.116603,869.116603,869.116603,869.115603,869.116603,869.117603,869.116603,869.115603,869.112603,869.100603
2016-02-23,328.571024,328.571024,329.202024,328.571024,362.835024,868.335024,868.335024,868.835024,869.335024,869.437024,869.439024,869.440024,869.440024,869.440024,869.441024,869.441024,869.441024,869.437024,869.440024,869.442024,869.441024,869.439024,868.835024,868.335024
2016-02-24,868.247367,868.247367,868.247367,868.247367,868.247367,868.248367,868.248367,868.250367,868.251367,868.252367,868.253367,868.253367,868.252367,868.252367,868.253367,868.253367,868.253367,868.251367,868.253367,868.253367,868.253367,868.251367,868.250367,868.247367
2016-02-25,868.248367,868.247367,868.247367,868.247367,868.247367,868.248367,868.248367,868.250367,868.251367,868.252367,868.252367,868.253367,868.253367,868.253367,868.252367,868.253367,868.253367,868.252367,868.252367,868.254367,868.252367,868.252367,868.249367,868.248367
2016-02-26,868.247367,868.247367,868.247367,868.247367,868.247367,868.249367,868.250367,868.251367,868.252367,868.252367,868.254367,868.254367,868.253367,868.253367,868.254367,868.254367,868.254367,868.253367,868.254367,868.254367,868.254367,868.253367,868.252367,868.249367
2016-02-27,868.735286,868.735286,868.735286,868.735286,868.735286,868.735286,868.735286,868.735286,868.737286,868.737286,868.738286,868.738286,868.738286,868.737286,868.737286,868.737286,868.737286,868.737286,868.738286,868.740286,868.739286,868.737286,868.737286,868.735286
2016-02-28,868.247367,868.248367,868.236367,868.236367,868.236367,868.236367,868.236367,868.236367,868.247367,868.247367,868.247367,868.248367,868.248367,868.248367,868.247367,868.249367,868.248367,868.248367,868.251367,868.252367,868.252367,868.251367,868.250367,868.247367
2016-02-29,868.650821,868.650821,868.650821,868.650821,868.650821,868.650821,868.652821,868.652821,868.653821,868.654821,868.656821,868.656821,868.656821,868.656821,868.656821,868.656821,868.656821,868.655821,868.656821,868.657821,868.656821,868.656821,868.652821,868.652821
2016-03-01,867.671937,867.671937,867.671937,867.678937,867.671937,867.671937,867.677937,867.678937,867.680937,867.681937,867.682937,867.682937,867.681937,867.682937,867.682937,867.682937,867.681937,867.681937,867.682937,867.682937,867.682937,867.681937,867.679937,867.677937
2016-03-02,867.677937,867.076937,705.816937,691.076937,867.076937,867.677937,867.678937,867.679937,867.680937,867.681937,867.682937,867.687937,867.682937,867.682937,867.682937,867.682937,867.682937,867.680937,867.681937,867.683937,867.681937,867.680937,867.679937,867.677937
2016-03-03,867.675937,867.675937,867.675937,867.675937,867.675937,867.675937,867.675937,867.677937,867.677937,867.678937,867.680937,867.681937,867.680937,867.680937,867.681937,867.681937,867.681937,867.678937,867.681937,867.682937,867.681937,867.680937,867.677937,867.675937
2016-03-04,841.076937,867.678937,691.076937,682.753937,867.678937,841.076937,841.076937,867.678937,867.677937,867.677937,867.679937,867.679937,867.679937,867.679937,867.679937,867.679937,867.680937,867.677937,867.679937,867.680937,867.679937,867.677937,867.677937,841.076937
2016-03-05,867.677937,867.678937,867.076937,867.678937,867.678937,867.678937,867.677937,867.677937,867.679937,867.679937,867.680937,867.681937,867.681937,867.681937,867.680937,867.680937,867.679937,867.678937,867.680937,867.681937,867.680937,867.679937,867.679937,867.677937
2016-03-06,867.675937,867.675937,867.675937,867.675937,867.675937,867.675937,867.675937,867.675937,867.675937,867.675937,867.677937,867.677937,867.677937,867.677937,867.677937,867.675937,867.675937,867.675937,867.677937,867.680937,867.681937,867.677937,867.677937,867.675937
2016-03-07,741.076937,741.076937,741.076937,741.076937,741.076937,867.677937,867.677937,867.677937,867.680937,867.681937,867.682937,867.683937,867.682937,867.682937,867.682937,867.682937,867.681937,867.681937,867.681937,867.684937,867.681937,867.681937,867.677937,867.677937
2016-03-08,840.576937,840.576937,840.576937,840.576937,840.576937,867.671937,867.671937,867.677937,867.677937,867.679937,867.681937,867.682937,867.681937,867.681937,867.682937,867.682937,867.681937,867.680937,867.681937,867.681937,867.681937,867.680937,867.677937,867.671937
2016-03-09,443.603533,443.603533,443.603533,384.431533,359.955533,868.596533,868.607533,868.596533,868.607533,868.607533,868.607533,868.609533,868.607533,868.608533,868.609533,868.610533,868.609533,868.607533,868.609533,868.611533,868.610533,868.607533,868.596533,868.608533
2016-03-10,884.381937,884.276937,884.276937,884.276937,884.276937,884.379937,884.379937,884.380937,884.381937,884.382937,884.384937,884.385937,884.384937,884.384937,884.385937,884.385937,884.384937,884.383937,884.384937,884.385937,884.384937,884.382937,884.380937,884.379937
2016-03-11,884.376937,884.276937,884.276937,884.276937,884.276937,884.376937,884.383937,884.379937,884.381937,884.381937,884.381937,884.383937,884.381937,884.382937,884.383937,884.383937,884.382937,884.381937,884.382937,884.384937,884.383937,884.381937,884.381937,884.379937
2016-03-12,884.276937,871.076937,871.076937,871.076937,871.076937,884.378937,884.378937,884.276937,884.378937,884.379937,884.380937,884.380937,884.380937,884.380937,884.379937,884.379937,884.379937,884.379937,884.380937,884.380937,884.380937,884.379937,884.378937,884.276937
2016-03-13,884.377937,884.176937,884.176937,884.076937,884.076937,884.076937,884.076937,884.076937,884.176937,884.176937,884.377937,884.176937,884.176937,884.176937,884.176937,884.176937,884.176937,884.176937,884.379937,884.379937,884.379937,884.379937,884.378937,884.176937
2016-03-14,883.076937,881.076937,883.076937,881.076937,883.076937,883.076937,884.377937,884.076937,884.176937,884.377937,884.377937,884.379937,884.377937,884.379937,884.379937,884.379937,884.379937,884.376937,884.379937,884.379937,884.379937,884.379937,884.176937,884.076937
2016-03-15,881.576937,881.576937,881.576937,881.576937,881.576937,881.576937,881.576937,884.076937,884.380937,884.276937,884.380937,884.379937,884.380937,884.380937,884.379937,884.379937,884.379937,884.276937,884.379937,884.379937,884.379937,884.376937,884.076937,881.576937
2016-03-16,884.076937,883.176937,883.076937,876.076937,883.176937,884.076937,884.076937,884.276937,884.375937,884.375937,884.375937,884.378937,884.375937,884.378937,884.380937,884.379937,884.378937,884.375937,884.379937,884.379937,884.379937,884.378937,884.375937,884.276937
2016-03-17,883.532657,873.532657,873.532657,873.532657,873.532657,883.532657,883.532657,883.582657,883.582657,884.032657,884.032657,884.532657,884.532657,884.532657,884.532657,884.532657,884.532657,884.836657,884.532657,884.532657,884.532657,883.582657,883.582657,883.532657
2016-03-18,871.076937,871.076937,871.076937,871.076937,871.076937,871.076937,871.076937,871.076937,872.076937,873.076937,876.076937,881.076937,876.076937,876.076937,881.076937,881.076937,876.076937,872.076937,876.076937,881.076937,876.076937,873.076937,871.076937,871.076937
2016-03-19,791.076937,791.075937,791.075937,791.075937,791.075937,791.075937,791.075937,791.075937,869.076937,869.076937,871.976937,871.976937,871.976937,869.076937,869.076937,869.076937,866.076937,863.076937,871.976937,872.576937,872.076937,869.076937,869.076937,863.076937
2016-03-20,792.076937,791.976937,786.076937,786.076937,751.076937,751.076937,751.076937,751.076937,791.976937,792.076937,811.076937,861.176937,851.076937,851.076937,811.076937,811.076937,792.076937,791.976937,851.076937,866.576937,866.576937,866.576937,811.076937,791.976937
2016-03-21,761.5883,741.5683,701.5783,701.5783,701.5783,701.5783,641.0533,701.5783,761.5883,771.5783,791.5783,791.5783,801.5783,791.5783,791.5783,771.5783,771.5783,771.5783,801.5783,846.0783,846.0783,846.0783,791.5783,741.5683
2016-03-22,701.076937,701.076937,701.076937,701.076937,701.076937,701.076937,726.076937,726.076937,741.026937,751.076937,801.526937,801.526937,801.526937,801.526937,801.526937,801.526937,801.526937,751.076937,801.526937,801.526937,801.526937,801.526937,741.026937,726.076937
2016-03-23,681.076937,671.075937,671.075937,671.075937,671.075937,671.075937,681.076937,691.066937,691.066937,696.076937,696.076937,696.076937,696.076937,696.076937,696.076937,696.076937,691.066937,691.066937,696.076937,696.076937,696.076937,691.066937,691.066937,681.076937
2016-03-24,680.766937,680.766937,680.766937,680.766937,675.076937,675.076937,675.076937,680.766937,680.766937,680.766937,680.766937,690.576937,690.576937,690.576937,690.576937,690.576937,680.766937,680.766937,690.576937,716.076937,716.076937,716.076937,680.766937,680.766937
2016-03-25,726.076937,726.076937,692.076937,692.076937,692.076937,692.076937,673.076937,692.076937,692.076937,726.076937,726.076937,726.076937,726.076937,884.375937,791.076937,726.076937,726.076937,726.076937,884.375937,884.375937,884.375937,884.375937,884.375937,884.375937
2016-03-26,747.076937,701.076937,701.076937,701.076937,692.076937,692.076937,692.076937,701.076937,884.375937,884.375937,884.375937,884.375937,884.375937,884.375937,884.375937,884.375937,884.375937,884.375937,884.381937,884.379937,884.379937,884.375937,884.375937,767.176937
2016-03-27,884.381937,701.076937,701.076937,681.076937,681.076937,681.076937,665.576937,681.076937,681.076937,747.076937,791.076937,884.379937,884.379937,884.379937,884.381937,791.076937,791.076937,791.076937,884.380937,884.380937,884.380937,884.380937,884.379937,791.076937
2016-03-28,791.076937,699.076937,791.076937,791.076937,792.076937,793.076937,793.076937,793.076937,795.076937,801.076937,811.076937,884.381937,811.076937,884.381937,884.379937,884.379937,884.379937,811.076937,884.379937,884.379937,884.379937,811.076937,793.076937,793.076937
2016-03-29,799.514439,796.514439,796.514439,796.514439,796.514439,796.514439,799.514439,799.514439,799.514439,799.514439,799.514439,799.514439,799.514439,799.514439,799.514439,799.514439,799.514439,799.514439,799.514439,800.514439,799.514439,799.514439,799.514439,796.514439
2016-03-30,795.51885,781.51885,781.51885,781.51885,781.51885,795.51885,795.51885,797.51885,801.51885,802.51885,802.51885,802.51885,802.51885,802.51885,802.51885,802.51885,802.51885,802.51885,802.51885,802.51885,802.51885,802.51885,798.51885,781.51885
2016-03-31,796.653937,776.076937,776.076937,776.076937,776.076937,796.653937,796.653937,796.653937,799.576937,802.076937,802.076937,802.076937,802.076937,802.076937,802.076937,802.076937,802.076937,802.076937,802.076937,802.076937,802.076937,802.076937,799.076937,796.653937
2016-04-01,800.423399,800.423399,800.423399,796.423399,800.423399,800.423399,800.423399,800.423399,803.423399,807.500399,807.500399,807.500399,807.500399,807.500399,807.500399,807.500399,807.500399,807.500399,807.500399,807.500399,807.500399,804.423399,801.423399,800.423399
2016-04-02,701.423399,701.423399,658.887399,658.887399,658.887399,701.423399,701.423399,701.423399,756.423399,776.423399,776.423399,800.423399,800.423399,800.423399,776.423399,796.923399,756.423399,701.423399,800.423399,802.423399,776.423399,756.423399,701.423399,701.423399
2016-04-03,692.140181,467.140181,467.140181,467.140181,361.191181,299.600181,298.993181,299.600181,467.140181,692.140181,692.140181,692.140181,707.140181,697.140181,692.140181,692.140181,692.140181,707.140181,702.140181,707.140181,707.140181,707.140181,702.140181,692.140181
2016-04-04,661.423399,665.423399,666.423399,661.423399,661.423399,666.423399,666.423399,686.413399,693.200399,693.200399,693.200399,693.200399,693.200399,693.200399,693.200399,693.200399,693.200399,693.200399,693.200399,701.423399,693.200399,693.200399,666.423399,665.423399
2016-04-05,596.412109,396.512109,596.412109,396.512109,396.512109,646.289109,646.289109,646.289109,646.289109,661.512109,666.512109,666.512109,666.512109,666.512109,671.512109,666.512109,666.512109,666.512109,671.512109,691.512109,671.512109,666.512109,646.289109,646.289109
2016-04-06,458.668793,396.668793,396.668793,457.668793,457.668793,616.045793,616.045793,616.045793,616.045793,616.045793,646.668793,659.658793,646.668793,646.668793,659.658793,659.658793,646.668793,646.668793,666.668793,666.668793,666.668793,646.668793,616.045793,459.668793
2016-04-07,541.423399,466.423399,466.423399,466.423399,466.423399,541.423399,541.423399,541.423399,595.900399,595.900399,595.900399,595.900399,595.900399,595.900399,596.423399,595.900399,596.423399,595.900399,595.900399,596.423399,595.900399,595.900399,595.900399,541.423399
2016-04-08,427.993399,427.993399,427.993399,427.993399,427.993399,445.423399,445.423399,446.423399,537.423399,516.423399,516.423399,516.423399,516.423399,516.423399,516.423399,516.423399,516.423399,537.423399,516.423399,516.423399,516.423399,496.423399,495.423399,446.423399
2016-04-09,416.520642,406.720642,406.720642,406.720642,406.720642,406.720642,406.720642,416.720642,416.720642,421.720642,425.420642,426.220642,426.220642,425.420642,421.720642,421.720642,416.720642,416.720642,426.220642,428.720642,428.720642,425.420642,416.720642,406.720642
2016-04-10,371.523776,371.523776,371.523776,346.523776,346.523776,346.523776,298.983776,360.574776,371.523776,371.523776,371.523776,371.523776,371.523776,371.523776,371.523776,371.523776,371.523776,371.523776,392.523776,392.523776,392.523776,392.523776,371.523776,371.523776
2016-04-11,320.216655,320.216655,320.216655,320.216655,320.216655,346.546655,346.546655,347.546655,361.496655,361.496655,361.496655,361.496655,361.496655,361.496655,361.496655,361.496655,361.496655,361.496655,361.496655,364.496655,361.496655,361.496655,356.546655,347.546655
2016-04-12,299.653624,299.313624,296.853624,286.853624,299.313624,331.843624,331.843624,331.843624,333.848624,334.245624,345.573624,345.573624,341.853624,341.853624,345.573624,345.573624,341.853624,331.843624,345.573624,345.573624,341.853624,331.843624,331.843624,331.843624
2016-04-13,282.780237,286.585237,283.895237,283.895237,286.585237,291.585237,287.585237,299.014237,299.015237,299.015237,299.015237,299.015237,299.015237,299.015237,299.015237,300.505237,299.015237,299.015237,300.505237,300.505237,300.505237,299.015237,299.015237,296.585237
2016-04-14,202.235496,202.235496,202.235496,202.235496,202.235496,202.235496,202.235496,237.235496,237.235496,237.235496,237.235496,237.235496,237.235496,237.235496,259.235496,259.235496,237.235496,237.235496,237.235496,257.235496,237.235496,237.235496,227.235496,202.235496
2016-04-15,195.350364,180.350364,180.350364,195.350364,180.350364,195.650364,195.650364,195.650364,195.650364,198.850364,200.350364,230.350364,197.350364,198.850364,200.350364,200.350364,200.350364,195.650364,198.850364,200.350364,198.850364,195.650364,195.650364,195.650364
2016-04-16,170.018175,170.018175,170.018175,170.018175,170.018175,170.018175,170.018175,170.018175,172.018175,173.018175,174.018175,174.018175,174.018175,174.018175,174.018175,173.018175,172.018175,171.018175,173.018175,174.018175,173.018175,173.018175,171.018175,170.018175
2016-04-17,169.514388,168.514388,159.514388,159.514388,159.514388,159.514388,159.514388,159.514388,168.514388,164.514388,168.514388,169.514388,168.514388,168.514388,168.514388,168.514388,168.514388,168.514388,171.014388,171.014388,171.014388,171.014388,168.514388,168.514388
2016-04-18,155.124449,155.024449,155.024449,155.024449,155.024449,155.124449,155.124449,158.024449,165.024449,165.024449,170.024449,178.024449,162.504449,170.024449,178.024449,178.024449,170.024449,165.024449,170.024449,180.024449,178.024449,165.024449,165.024449,162.504449
2016-04-19,153.90987,153.90987,153.90987,150.20987,153.90987,158.90987,164.05987,164.05987,168.90987,170.90987,170.90987,170.90987,164.05987,168.90987,168.90987,170.90987,168.90987,164.05987,168.90987,170.90987,168.90987,164.05987,164.05987,153.90987
2016-04-20,163.51869,163.51869,158.41869,156.39869,158.41869,163.51869,163.51869,163.51869,163.51869,168.41869,170.41869,173.41869,170.41869,172.41869,173.41869,173.41869,173.41869,170.41869,198.41869,198.41869,198.41869,179.92869,173.41869,163.51869
2016-04-21,159.522563,158.422563,158.422563,158.422563,158.422563,159.522563,158.422563,163.536563,163.536563,173.422563,174.522563,174.522563,174.522563,174.522563,174.522563,174.522563,174.522563,174.522563,178.422563,223.422563,223.422563,174.522563,174.522563,173.422563
2016-04-22,163.839314,163.839314,162.839314,162.839314,163.839314,173.939314,163.839314,173.939314,174.239314,174.239314,182.639314,182.639314,182.639314,182.639314,217.839314,182.639314,182.639314,174.239314,217.839314,217.839314,217.839314,174.239314,173.939314,173.939314
2016-04-23,169.568492,169.568492,169.568492,169.568492,169.568492,169.568492,169.568492,169.568492,184.568492,184.682492,187.568492,189.568492,189.568492,185.568492,184.682492,184.682492,184.682492,184.682492,187.568492,189.568492,189.568492,185.568492,184.682492,184.568492
2016-04-24,185.226586,175.340586,175.340586,175.340586,164.226586,163.226586,164.226586,175.340586,164.226586,175.340586,185.226586,225.226586,225.226586,225.226586,225.226586,185.226586,185.226586,185.226586,230.226586,230.226586,230.226586,225.226586,185.226586,175.340586
2016-04-25,177.888771,177.888771,177.888771,177.888771,177.888771,207.774771,207.774771,221.774771,247.774771,247.774771,247.774771,261.774771,261.774771,261.774771,261.774771,261.774771,261.774771,261.774771,261.774771,261.774771,261.774771,261.774771,221.929771,207.774771
2016-04-26,189.694172,189.694172,189.694172,189.694172,189.694172,189.694172,189.694172,189.694172,212.808172,212.808172,222.694172,229.694172,229.694172,229.694172,244.694172,244.694172,229.694172,212.808172,229.694172,244.694172,229.694172,212.808172,199.694172,189.694172
2016-04-27,155.100585,155.100585,155.100585,155.100585,155.100585,160.165585,178.509585,190.100585,193.214585,193.214585,193.214585,224.100585,193.214585,193.214585,193.214585,193.214585,193.214585,193.214585,193.214585,246.100585,193.214585,193.214585,190.100585,190.100585
2016-04-28,154.113909,154.113909,151.113909,151.113909,151.113909,165.113909,165.113909,176.113909,176.113909,190.313909,190.313909,190.726909,190.313909,190.313909,190.313909,190.313909,190.313909,190.313909,190.313909,190.726909,190.313909,190.313909,176.113909,158.093909
2016-04-29,156.813302,152.833302,144.833302,152.833302,152.833302,161.833302,161.833302,161.833302,161.833302,177.189302,177.189302,177.189302,177.189302,177.189302,177.189302,177.189302,177.189302,177.189302,194.833302,205.833302,177.189302,177.189302,162.833302,162.833302
2016-04-30,153.69044,153.69044,153.69044,153.69044,153.69044,153.69044,153.69044,154.69044,155.14644,155.14644,161.69044,161.69044,161.69044,161.69044,156.67044,161.80344,155.14644,155.14644,161.69044,161.80344,161.69044,156.67044,155.14644,155.14644
2016-05-01,149.077759,149.077759,149.077759,147.977759,147.977759,147.977759,147.977759,147.977759,149.077759,147.977759,147.977759,149.077759,149.077759,149.077759,149.077759,149.077759,149.077759,147.977759,163.577759,163.577759,163.577759,163.577759,163.577759,150.077759
2016-05-02,129.316187,126.316187,125.594187,126.316187,129.316187,140.316187,140.316187,143.416187,143.416187,143.416187,158.316187,158.316187,158.316187,158.316187,158.316187,158.316187,158.316187,158.316187,158.316187,158.316187,158.316187,158.316187,143.416187,140.316187
2016-05-03,130.395998,130.395998,130.395998,130.895998,130.395998,130.895998,130.895998,130.895998,130.895998,140.395998,162.125998,162.295998,162.295998,162.295998,162.295998,162.295998,162.295998,146.395998,162.295998,162.295998,162.295998,146.395998,137.395998,130.895998
2016-05-04,130.988075,130.988075,130.988075,130.488075,130.988075,130.988075,130.988075,138.584075,130.988075,138.584075,156.488075,271.488075,156.488075,156.488075,311.488075,163.588075,163.588075,156.488075,163.588075,163.588075,163.588075,156.488075,138.584075,130.988075
2016-05-05,130.504188,130.504188,130.504188,130.404188,130.404188,130.504188,130.504188,130.504188,130.504188,161.404188,168.404188,168.404188,168.404188,168.404188,168.404188,168.404188,168.404188,168.404188,168.404188,168.404188,168.404188,168.404188,161.404188,130.504188
2016-05-06,125.412725,125.412725,125.412725,125.412725,125.412725,125.412725,126.062725,130.562725,130.562725,131.662725,131.662725,131.662725,131.662725,131.662725,137.562725,131.662725,131.662725,131.662725,131.662725,137.562725,131.662725,131.662725,131.562725,131.662725
2016-05-07,128.158729,128.158729,127.658729,128.158729,128.658729,128.658729,128.658729,130.158729,130.158729,130.158729,140.658729,155.658729,155.658729,140.658729,140.658729,140.658729,140.658729,140.658729,155.658729,155.658729,260.658729,140.658729,130.158729,130.158729
2016-05-08,132.794637,132.794637,132.391637,129.792637,129.792637,129.792637,129.792637,129.792637,132.794637,133.294637,134.964637,134.964637,134.964637,134.964637,134.964637,133.294637,133.294637,132.794637,134.964637,140.794637,136.794637,134.964637,134.964637,134.964637
2016-05-09,135.088709,134.288709,133.788709,133.788709,133.788709,133.788709,133.788709,133.788709,134.788709,135.088709,135.088709,135.088709,135.088709,135.088709,135.088709,135.088709,135.088709,135.088709,146.286709,146.286709,146.286709,141.788709,135.088709,135.088709
2016-05-10,126.953998,126.953998,126.753998,126.953998,126.953998,127.453998,127.953998,129.953998,129.953998,129.953998,138.143998,138.143998,138.143998,138.143998,138.143998,138.143998,138.143998,138.143998,138.143998,138.143998,138.143998,129.953998,129.953998,127.953998
2016-05-11,121.793811,121.793811,110.843811,112.817811,121.793811,121.793811,121.793811,122.843811,123.343811,123.843811,123.843811,129.823811,123.843811,129.823811,135.843811,135.843811,129.823811,123.843811,123.843811,135.843811,125.843811,123.843811,122.843811,121.793811
2016-05-12,105.93408,105.93408,105.11108,105.11108,105.93408,105.93408,107.93408,116.93408,116.93408,122.43408,122.43408,122.43408,122.43408,122.43408,130.93408,130.93408,130.93408,122.43408,130.93408,181.93408,130.93408,122.43408,116.93408,105.93408
2016-05-13,106.093606,106.093606,106.093606,106.093606,106.093606,106.093606,113.067606,108.093606,109.093606,109.093606,115.970606,115.970606,115.970606,115.970606,115.970606,115.970606,115.970606,115.970606,115.970606,115.970606,115.970606,115.970606,108.093606,106.093606
2016-05-14,111.413761,111.413761,123.403761,111.413761,111.413761,111.413761,111.413761,111.413761,111.413761,112.980761,112.980761,112.980761,112.980761,112.980761,112.980761,112.403761,112.403761,112.403761,112.980761,112.980761,112.980761,112.980761,112.403761,111.413761
2016-05-15,108.176095,108.176095,108.176095,104.999095,104.999095,102.999095,102.999095,104.999095,108.176095,108.176095,108.176095,124.999095,124.999095,124.999095,124.999095,123.999095,123.999095,123.999095,137.999095,137.999095,137.999095,137.999095,124.999095,123.999095
2016-05-16,107.613118,107.613118,107.613118,107.613118,107.613118,107.613118,107.613118,127.603118,137.603118,137.603118,137.603118,257.603118,137.603118,137.603118,207.603118,257.603118,188.603118,137.603118,257.603118,257.603118,188.603118,137.603118,127.603118,119.603118
2016-05-17,126.977747,126.977747,113.354747,126.977747,126.977747,126.977747,126.977747,133.977747,134.957747,135.977747,135.977747,135.977747,135.977747,135.977747,135.977747,135.977747,135.977747,134.957747,135.977747,147.977747,135.977747,135.977747,131.977747,126.977747
2016-05-18,118.802602,118.802602,118.802602,118.802602,118.802602,118.802602,123.225602,133.225602,133.225602,133.225602,133.225602,133.225602,133.225602,208.225602,168.225602,168.225602,133.225602,133.225602,168.225602,168.225602,133.225602,133.225602,133.225602,118.802602
2016-05-19,127.695047,121.695047,121.695047,121.695047,123.963047,127.695047,127.695047,127.695047,131.695047,131.695047,131.695047,131.695047,131.695047,131.695047,188.695047,134.675047,131.695047,131.695047,188.695047,257.695047,207.695047,131.695047,131.695047,121.695047
2016-05-20,123.825002,123.825002,115.799002,123.825002,123.825002,123.825002,123.825002,123.825002,123.825002,123.825002,188.825002,188.825002,188.825002,188.825002,188.825002,188.825002,188.825002,123.825002,208.825002,258.825002,258.825002,188.825002,123.825002,123.825002
2016-05-21,135.874407,135.874407,135.874407,135.874407,135.874407,134.854407,135.874407,134.854407,147.874407,147.874407,147.874407,188.874407,147.874407,147.874407,147.874407,147.874407,147.874407,147.874407,147.874407,188.874407,147.874407,147.874407,147.874407,135.874407
2016-05-22,137.570186,137.570186,137.570186,137.570186,137.570186,134.570186,134.570186,137.570186,137.570186,137.570186,142.770186,142.770186,142.770186,142.770186,142.770186,142.770186,142.770186,142.770186,142.770186,146.570186,146.570186,146.570186,142.770186,137.570186
2016-05-23,148.647162,138.447162,138.447162,138.447162,138.447162,148.647162,148.647162,149.647162,151.647162,151.647162,151.647162,151.647162,151.647162,151.647162,156.647162,156.647162,151.647162,151.647162,151.647162,187.647162,156.647162,151.647162,149.647162,148.647162
2016-05-24,138.266307,138.266307,138.266307,138.266307,138.266307,138.266307,142.366307,146.466307,146.466307,146.466307,156.466307,155.466307,146.466307,146.466307,155.466307,155.466307,155.466307,156.466307,155.466307,155.466307,155.466307,156.466307,142.466307,138.266307
2016-05-25,141.563875,141.563875,141.363875,141.363875,143.563875,143.563875,143.563875,147.563875,166.563875,166.563875,166.563875,166.563875,166.563875,166.563875,166.563875,166.563875,166.563875,166.563875,166.563875,166.563875,166.563875,166.563875,143.563875,143.563875
2016-05-26,142.683538,142.483538,142.483538,142.483538,142.683538,142.683538,142.683538,145.783538,148.783538,152.583538,152.583538,152.783538,152.783538,152.583538,175.783538,175.783538,175.783538,148.783538,175.783538,175.783538,175.783538,152.583538,145.783538,142.683538
2016-05-27,142.906854,132.906854,132.906854,132.906854,132.906854,145.406854,145.706854,150.806854,150.806854,172.906854,172.906854,172.906854,172.906854,172.906854,172.906854,172.906854,172.906854,150.806854,172.906854,172.906854,150.806854,150.806854,148.906854,145.406854
2016-05-28,128.884876,128.884876,128.884876,128.884876,128.884876,128.884876,128.884876,139.770876,156.770876,166.770876,176.770876,181.670876,176.770876,176.770876,156.770876,156.770876,156.770876,139.770876,166.770876,176.770876,166.770876,156.770876,139.770876,133.770876
2016-05-29,134.215155,132.215155,125.329155,125.329155,125.329155,125.329155,125.329155,125.329155,132.215155,134.215155,134.215155,138.215155,138.215155,138.215155,138.215155,134.215155,134.215155,138.215155,157.215155,157.215155,157.215155,157.215155,138.215155,134.215155
2016-05-30,118.520518,118.520518,120.017518,118.520518,118.520518,108.520518,108.520518,120.017518,125.520518,128.520518,128.520518,136.520518,143.520518,143.520518,143.520518,143.520518,143.520518,136.520518,157.520518,157.520518,157.520518,143.520518,128.520518,125.500518
2016-05-31,115.054012,115.054012,115.054012,115.054012,115.054012,115.054012,115.054012,128.054012,128.054012,138.054012,138.054012,138.054012,138.054012,138.054012,160.554012,160.554012,138.054012,138.054012,160.554012,160.554012,138.054012,128.054012,125.054012,115.054012
2016-06-01,114.603118,114.603118,113.156118,113.156118,114.603118,122.156118,122.156118,133.156118,148.156118,148.156118,148.156118,148.156118,148.156118,148.156118,148.156118,148.156118,148.156118,148.156118,148.156118,163.156118,148.156118,148.156118,132.156118,127.156118
2016-06-02,119.621222,118.601222,116.621222,116.621222,116.621222,119.621222,119.621222,121.621222,122.621222,133.621222,154.621222,154.621222,154.621222,154.621222,154.621222,154.621222,154.621222,154.621222,154.621222,253.621222,154.621222,154.621222,133.621222,119.621222
2016-06-03,113.291028,113.291028,113.291028,113.291028,113.291028,113.291028,117.271028,118.791028,118.791028,118.791028,118.791028,119.791028,118.791028,118.791028,119.791028,118.791028,118.791028,118.791028,119.791028,122.291028,118.791028,118.791028,117.271028,113.291028
2016-06-04,119.96507,119.96507,119.46507,119.96507,119.96507,119.96507,119.96507,119.46507,159.46507,169.46507,254.46507,304.46507,305.46507,254.46507,169.46507,159.46507,159.46507,159.46507,304.46507,304.46507,304.46507,169.46507,119.96507,119.46507
2016-06-05,116.352463,116.352463,116.352463,116.352463,116.352463,113.352463,113.352463,113.352463,113.352463,113.352463,113.352463,113.352463,117.352463,117.352463,117.352463,113.352463,113.352463,116.352463,117.352463,157.352463,157.352463,152.352463,117.352463,116.352463
2016-06-06,154.064226,154.064226,154.064226,154.064226,154.064226,153.064226,153.064226,153.064226,154.064226,153.064226,154.064226,154.064226,154.064226,154.064226,154.064226,154.064226,153.064226,154.064226,159.064226,159.064226,159.064226,158.064226,154.064226,154.064226
2016-06-07,132.198596,124.615596,116.198596,116.198596,116.198596,132.198596,146.858596,146.858596,147.198596,157.198596,162.198596,162.198596,162.198596,162.198596,162.198596,162.198596,162.198596,162.198596,162.198596,252.198596,162.198596,162.198596,157.198596,146.858596
2016-06-08,151.863193,151.863193,141.863193,141.863193,151.863193,151.863193,162.353193,162.353193,196.863193,196.863193,196.863193,196.863193,196.863193,196.863193,196.863193,196.863193,196.863193,196.863193,196.863193,196.863193,196.863193,196.863193,162.353193,162.353193
2016-06-09,153.771691,141.771691,136.771691,141.771691,141.771691,157.627691,157.627691,157.627691,196.771691,196.771691,196.771691,251.771691,196.771691,196.771691,251.771691,251.771691,196.771691,196.771691,196.771691,196.771691,196.771691,196.771691,157.627691,157.627691
2016-06-10,147.380174,141.827174,141.827174,141.827174,147.380174,147.380174,147.380174,150.827174,150.827174,150.827174,150.827174,241.827174,150.827174,150.827174,241.827174,241.827174,150.827174,150.827174,241.827174,251.827174,251.827174,150.827174,150.827174,147.380174
2016-06-11,123.66391,117.22691,115.24691,115.24691,115.24691,115.24691,115.24691,133.41991,136.24691,191.24691,191.24691,191.24691,151.24691,151.24691,151.24691,191.24691,151.24691,151.24691,201.24691,201.24691,136.24691,191.24691,136.24691,133.41991
2016-06-12,112.637747,115.137747,112.637747,112.637747,112.637747,106.458747,106.458747,114.637747,115.137747,132.637747,180.637747,195.637747,195.637747,180.637747,195.637747,132.637747,180.637747,180.637747,195.637747,195.637747,195.637747,195.637747,180.637747,114.637747
2016-06-13,125.443543,125.443543,125.443543,125.443543,125.443543,125.443543,125.443543,144.572543,195.572543,195.572543,240.572543,250.572543,240.572543,240.572543,240.572543,240.572543,195.572543,195.572543,195.572543,240.572543,195.572543,195.572543,144.572543,132.572543
2016-06-14,140.200168,141.961168,140.200168,140.200168,140.200168,141.200168,141.961168,141.961168,202.200168,203.200168,207.784168,207.784168,203.200168,203.200168,203.200168,203.200168,202.200168,141.961168,251.200168,251.200168,203.200168,147.200168,141.961168,141.200168
2016-06-15,139.252799,139.252799,139.252799,139.252799,139.252799,139.252799,139.252799,151.252799,251.252799,251.252799,291.252799,296.252799,291.252799,291.252799,296.252799,296.252799,291.252799,296.252799,291.252799,296.252799,296.252799,251.252799,139.252799,139.252799
2016-06-16,143.891683,143.891683,141.891683,141.891683,143.891683,143.891683,143.991683,143.991683,181.891683,191.891683,202.891683,251.891683,202.891683,202.891683,251.891683,202.891683,201.881683,191.891683,202.891683,291.891683,202.891683,201.881683,181.891683,143.991683
2016-06-17,144.114901,138.614901,138.614901,138.614901,138.614901,138.614901,144.114901,202.104901,202.104901,203.114901,292.114901,292.114901,292.114901,203.114901,287.114901,287.114901,202.104901,152.114901,287.114901,287.114901,202.104901,152.114901,144.114901,138.614901
2016-06-18,286.735292,201.725292,141.735292,198.110292,200.735292,198.110292,200.735292,298.735292,298.735292,299.735292,303.835292,303.835292,303.835292,303.835292,302.735292,299.735292,298.735292,298.735292,302.735292,303.835292,302.735292,302.735292,298.735292,286.735292
2016-06-19,199.88045,199.88045,198.25545,198.25545,190.88045,190.88045,138.48045,190.88045,199.88045,199.88045,199.88045,251.88045,251.88045,251.88045,251.88045,199.88045,199.88045,199.88045,262.88045,285.88045,281.88045,281.88045,262.88045,251.88045
2016-06-20,206.015581,196.106581,193.692581,196.106581,196.106581,250.106581,250.106581,250.106581,251.106581,266.106581,291.106581,285.106581,266.106581,266.106581,285.106581,285.106581,266.106581,251.106581,266.106581,285.106581,266.106581,251.106581,250.106581,250.106581
2016-06-21,190.793309,190.793309,136.794309,136.794309,136.794309,190.793309,195.794309,240.794309,240.794309,240.794309,250.794309,250.794309,250.794309,250.794309,250.794309,250.794309,250.794309,250.794309,250.794309,270.794309,250.794309,250.794309,240.794309,195.794309
2016-06-22,135.818214,135.818214,131.818214,133.798214,135.818214,135.818214,160.818214,185.818214,190.818214,190.818214,210.818214,239.818214,239.818214,240.818214,240.818214,240.818214,239.818214,190.818214,190.818214,193.404214,190.818214,190.818214,190.818214,185.818214
2016-06-23,126.746647,126.746647,126.746647,126.746647,126.746647,126.746647,126.746647,135.746647,185.746647,185.746647,239.746647,239.746647,185.746647,185.746647,185.746647,185.746647,185.746647,130.736647,135.746647,185.746647,135.746647,135.746647,130.736647,126.746647
2016-06-24,126.023163,110.095163,93.023163,93.023163,93.023163,110.095163,126.023163,133.013163,135.023163,135.023163,183.023163,288.023163,183.023163,288.023163,288.023163,288.023163,183.023163,135.023163,135.023163,288.023163,183.023163,135.023163,133.013163,126.023163
2016-06-25,110.745069,110.745069,95.745069,95.745069,110.745069,110.745069,106.521069,110.745069,110.745069,124.745069,124.745069,131.735069,124.745069,124.745069,110.745069,110.745069,110.745069,110.745069,124.745069,131.735069,124.745069,124.745069,110.745069,110.745069
2016-06-26,180.855842,125.855842,87.969842,87.969842,87.969842,89.609842,87.969842,118.310842,125.855842,125.855842,125.855842,130.845842,130.845842,125.855842,130.845842,125.855842,125.855842,125.855842,125.855842,180.855842,180.855842,125.855842,125.855842,125.855842
2016-06-27,102.173682,102.173682,89.173682,89.173682,102.173682,102.173682,121.173682,121.173682,131.273682,131.273682,131.273682,132.163682,132.163682,131.273682,132.163682,132.163682,131.273682,131.273682,132.163682,182.173682,131.273682,131.273682,131.273682,121.173682
2016-06-28,119.951209,119.951209,108.951209,108.951209,119.951209,119.951209,119.951209,120.951209,125.451209,128.951209,128.951209,130.941209,130.941209,130.941209,130.941209,130.941209,130.941209,125.451209,125.451209,130.941209,128.951209,125.451209,120.951209,119.951209
2016-06-29,92.084202,92.084202,92.084202,92.084202,92.084202,92.084202,127.084202,127.084202,127.084202,132.074202,127.084202,134.084202,132.074202,132.074202,134.084202,132.074202,132.074202,132.074202,132.084202,134.084202,134.084202,132.084202,127.084202,127.084202
2016-06-30,130.05943,130.05943,130.05943,130.05943,130.05943,130.05943,130.05943,133.05943,133.05943,133.05943,133.05943,133.05943,133.05943,133.05943,133.05943,133.05943,133.05943,133.05943,133.05943,133.05943,133.05943,133.05943,133.05943,131.05943
2016-07-01,139.725162,139.725162,137.755162,137.755162,139.725162,139.725162,139.725162,129.755162,137.755162,139.755162,189.755162,159.745162,159.745162,159.745162,159.745162,159.745162,159.745162,139.725162,201.755162,201.755162,199.755162,139.755162,139.725162,139.725162
2016-07-02,139.898203,129.898203,129.898203,129.898203,129.898203,129.898203,129.898203,129.898203,129.898203,129.898203,129.898203,139.898203,139.898203,129.898203,129.898203,129.898203,129.898203,129.898203,189.898203,190.868203,190.868203,190.868203,144.897203,139.898203
2016-07-03,129.757542,129.757542,129.757542,129.757542,129.757542,129.757542,129.757542,66.009542,124.757542,129.756542,129.757542,129.757542,129.757542,129.757542,129.757542,129.756542,129.756542,129.757542,149.757542,189.757542,149.757542,149.757542,129.757542,129.757542
2016-07-04,129.516076,129.516076,129.516076,129.516076,129.516076,129.516076,128.515076,128.515076,129.516076,129.516076,129.516076,129.516076,149.511076,129.516076,129.516076,129.516076,129.516076,129.516076,145.257076,149.511076,145.257076,145.257076,145.257076,129.516076
2016-07-05,129.15548,129.15548,124.16148,125.15648,129.15548,130.15648,130.15648,130.15648,145.40648,145.40648,145.40648,150.13648,150.13648,150.13648,190.15648,150.13648,150.13648,145.40648,145.40648,150.13648,145.40648,145.40648,145.40648,130.15648
2016-07-06,99.103078,99.103078,99.103078,99.103078,99.103078,109.103078,110.429078,124.103078,148.603078,148.603078,148.603078,148.603078,148.603078,148.603078,148.603078,148.603078,148.603078,148.603078,148.603078,168.103078,148.603078,148.603078,145.353078,109.103078
2016-07-07,67.607787,67.607787,67.607787,67.607787,67.607787,96.356787,96.356787,143.856787,101.241787,125.336787,170.356787,170.356787,151.406787,151.406787,191.356787,143.856787,143.856787,143.856787,143.856787,191.356787,151.406787,143.856787,143.856787,101.356787
2016-07-08,111.016894,67.268894,67.267894,67.267894,69.016894,111.016894,116.016894,116.016894,116.016894,136.016894,141.016894,170.016894,141.016894,141.016894,170.016894,149.516894,149.516894,149.516894,149.516894,170.016894,149.516894,149.516894,149.516894,136.016894
2016-07-09,130.132229,122.132229,70.132229,122.132229,126.112229,122.132229,122.132229,130.132229,130.132229,137.132229,137.132229,162.132229,150.132229,142.132229,150.132229,150.132229,142.132229,137.132229,142.132229,162.132229,150.132229,137.132229,130.132229,130.132229
2016-07-10,108.539142,108.539142,108.539142,108.539142,71.790142,71.790142,66.790142,71.790142,106.539142,108.539142,130.539142,130.539142,130.539142,130.539142,130.539142,130.539142,130.539142,108.539142,136.539142,136.539142,136.539142,136.539142,130.539142,108.539142
2016-07-11,72.458401,72.458401,67.458401,67.458401,72.458401,119.207401,129.207401,131.207401,137.207401,137.207401,137.207401,151.207401,151.207401,151.207401,151.207401,149.207401,149.207401,137.207401,149.207401,161.207401,149.207401,137.207401,151.207401,129.207401
2016-07-12,116.630065,116.630065,116.630065,116.630065,116.630065,119.630065,119.630065,137.630065,137.630065,137.630065,141.630065,149.630065,141.630065,141.630065,149.630065,149.630065,141.630065,137.630065,141.630065,151.630065,149.630065,137.630065,137.630065,119.630065
2016-07-13,68.396306,68.396306,68.396306,68.396306,117.145306,117.145306,117.145306,129.645306,129.645306,144.145306,144.145306,147.145306,144.145306,147.145306,147.145306,147.145306,144.145306,142.045306,147.145306,152.145306,147.145306,142.045306,129.645306,126.125306
2016-07-14,100.120347,105.120347,66.371347,100.120347,105.120347,105.120347,105.120347,115.120347,118.120347,118.120347,141.620347,144.120347,141.620347,141.620347,141.620347,141.620347,141.620347,118.120347,118.120347,141.620347,118.120347,118.120347,105.120347,105.120347
2016-07-15,111.100715,111.100715,111.100715,111.100715,111.100715,111.100715,116.100715,115.100715,115.100715,116.100715,116.100715,116.100715,116.100715,116.100715,116.100715,116.100715,116.100715,115.100715,116.100715,116.100715,115.100715,115.100715,111.100715,111.100715
2016-07-16,67.019613,67.019613,67.019613,67.019613,112.094613,68.768613,100.768613,110.768613,110.768613,112.768613,115.768613,115.768613,115.768613,115.768613,112.768613,110.768613,110.768613,112.094613,115.768613,115.768613,115.768613,110.768613,110.768613,67.020613
2016-07-17,92.632616,92.632616,68.883616,68.884616,92.632616,92.632616,68.884616,92.632616,92.632616,102.632616,103.632616,103.632616,103.632616,103.632616,103.632616,103.632616,103.632616,103.632616,117.632616,117.632616,103.632616,103.632616,103.632616,92.632616
2016-07-18,96.670294,96.670294,94.670294,96.670294,111.670294,111.670294,111.670294,111.670294,111.670294,113.670294,116.670294,116.670294,116.670294,141.660294,141.660294,141.660294,116.670294,116.670294,141.660294,151.670294,116.670294,113.670294,111.670294,96.670294
2016-07-19,90.801903,90.801903,90.801903,110.801903,111.801903,111.801903,111.801903,111.801903,112.701903,140.791903,180.801903,200.801903,150.801903,150.801903,180.801903,150.801903,150.801903,124.781903,150.801903,180.801903,124.781903,112.701903,111.801903,110.801903
2016-07-20,113.03862,113.03862,71.03862,116.03862,116.03862,116.03862,116.03862,116.03862,116.03862,116.03862,116.03862,116.03862,117.03862,117.03862,116.03862,116.03862,116.03862,116.03862,117.03862,153.03862,118.03862,116.03862,116.03862,116.03862
2016-07-21,111.735944,111.735944,111.735944,111.735944,111.735944,111.735944,119.735944,119.735944,139.725944,144.735944,149.735944,149.735944,144.735944,149.735944,149.735944,144.735944,139.725944,119.735944,139.725944,154.735944,144.735944,119.735944,119.735944,111.735944
2016-07-22,124.736013,124.736013,124.736013,124.736013,124.736013,125.886013,125.886013,125.886013,156.886013,200.886013,156.886013,156.886013,156.886013,156.886013,156.886013,156.886013,156.886013,156.886013,156.886013,200.886013,156.886013,156.886013,140.886013,125.886013
2016-07-23,123.422322,123.397322,118.417322,118.417322,118.417322,118.417322,123.397322,130.417322,130.417322,130.417322,139.407322,147.417322,147.417322,139.407322,130.417322,130.417322,130.417322,130.417322,130.417322,147.417322,139.407322,130.417322,130.417322,124.417322
2016-07-24,123.166581,123.166581,123.166581,123.166581,123.166581,123.166581,123.166581,123.166581,123.166581,123.166581,147.066581,139.056581,147.066581,147.066581,147.066581,139.056581,147.066581,139.056581,154.066581,147.066581,147.066581,139.056581,159.066581,123.166581
2016-07-25,114.875454,114.875454,113.497454,114.875454,114.875454,119.875454,123.975454,123.975454,124.875454,139.865454,144.875454,144.875454,144.875454,144.875454,144.875454,144.875454,144.875454,139.865454,144.875454,144.875454,144.875454,144.875454,124.875454,123.975454
2016-07-26,123.56583,125.54583,120.56583,115.56583,120.56583,123.56583,123.56583,124.66583,124.66583,125.56583,138.56583,140.55583,125.56583,138.56583,138.56583,138.56583,138.56583,125.56583,138.56583,148.56583,138.56583,138.56583,124.66583,124.66583
2016-07-27,111.424317,111.424317,111.424317,111.424317,111.424317,111.424317,112.250317,124.924317,124.924317,124.924317,140.914317,148.924317,140.914317,140.914317,148.924317,148.924317,140.914317,124.924317,140.914317,148.924317,140.914317,124.924317,124.924317,120.924317
2016-07-28,119.134504,111.934504,111.934504,111.934504,111.934504,119.134504,123.134504,128.234504,128.234504,128.234504,141.124504,149.134504,149.134504,149.134504,202.134504,202.134504,149.134504,128.234504,128.234504,149.134504,141.124504,128.234504,128.234504,123.134504
2016-07-29,124.949376,124.949376,124.949376,124.949376,124.949376,139.939376,139.949376,124.949376,139.949376,139.949376,139.949376,139.949376,139.949376,139.949376,139.949376,139.949376,139.949376,139.949376,139.949376,139.949376,139.949376,139.949376,139.949376,124.949376
2016-07-30,122.09129,122.09129,122.09129,122.09129,122.09129,122.09129,122.09129,131.09129,140.08129,201.09129,140.08129,140.09029,140.09029,140.08129,140.08129,140.08129,135.09129,135.09129,140.09029,200.09129,140.08129,135.09129,140.09029,135.09129
2016-07-31,139.861368,120.861368,115.861368,115.861368,115.861368,115.861368,110.861368,115.861368,139.861368,139.861368,139.861368,139.861368,139.861368,139.861368,139.861368,139.861368,139.861368,139.861368,140.851368,140.856368,140.856368,140.856368,140.851368,139.861368
2016-08-01,132.167828,132.158828,127.168828,127.168828,127.168828,132.167828,132.167828,142.168828,142.168828,142.168828,142.168828,142.168828,142.168828,142.168828,142.168828,142.168828,142.168828,142.168828,142.168828,142.168828,142.168828,142.168828,142.168828,127.168828
2016-08-02,126.162995,126.162995,126.162995,126.162995,126.162995,126.162995,126.162995,133.202995,141.212995,141.212995,183.212995,183.212995,183.212995,183.212995,183.212995,183.212995,183.212995,193.212995,183.212995,183.212995,183.212995,183.212995,133.202995,126.162995
2016-08-03,132.29925,132.29925,125.25925,125.25925,132.29925,140.30925,132.30925,132.29925,140.30925,167.30925,167.30925,187.30925,192.30925,192.30925,187.30925,167.30925,167.30925,132.30925,167.30925,187.30925,192.30925,167.30925,125.25925,125.25925
2016-08-04,117.275329,117.275329,128.250329,128.250329,128.250329,133.265329,133.275329,128.250329,133.265329,133.275329,133.275329,143.275329,141.275329,141.275329,141.275329,141.275329,141.275329,133.275329,143.275329,143.275329,141.275329,141.275329,143.275329,128.250329
2016-08-05,117.275741,117.275741,116.255741,117.275741,117.275741,117.375741,117.375741,132.275741,133.265741,141.275741,117.375741,132.275741,132.275741,132.275741,132.275741,132.275741,132.275741,117.375741,117.375741,193.275741,133.265741,132.275741,141.275741,132.275741
2016-08-06,112.714648,112.714648,105.214648,105.214648,105.214648,112.714648,112.714648,122.214648,122.214648,132.704648,139.714648,140.714648,140.714648,139.714648,139.714648,132.704648,122.214648,122.214648,132.704648,140.714648,139.714648,132.704648,122.214648,122.214648
2016-08-07,140.009252,131.999252,97.009252,97.009252,97.009252,97.009252,97.009252,97.009252,131.999252,142.009252,142.009252,142.009252,142.009252,142.009252,140.009252,140.009252,140.009252,140.009252,142.009252,142.009252,142.009252,142.009252,142.009252,131.999252
2016-08-08,141.775277,62.092277,62.092277,62.091277,62.092277,127.775277,127.775277,141.775277,142.275277,142.275277,142.275277,142.275277,142.275277,142.275277,142.765277,142.765277,142.275277,142.275277,142.275277,192.775277,150.775277,142.765277,142.275277,141.775277
2016-08-09,92.327453,97.327453,97.327453,62.327453,92.327453,137.326453,137.326453,142.847453,207.327453,177.327453,177.327453,177.327453,177.327453,177.327453,177.327453,177.327453,177.327453,177.327453,177.327453,207.327453,177.327453,177.327453,177.327453,115.307453
2016-08-10,97.396007,97.396007,97.396007,97.396007,115.376007,137.896007,137.896007,137.896007,207.396007,222.396007,152.395007,152.395007,152.395007,152.395007,152.395007,162.396007,152.395007,207.396007,207.396007,222.396007,207.396007,152.395007,162.396007,152.395007
2016-08-11,146.160929,146.160929,114.140929,146.160929,146.160929,151.160929,191.160929,191.160929,191.160929,191.160929,201.160929,201.160929,201.160929,201.160929,206.160929,206.160929,191.160929,191.160929,201.160929,231.160929,231.160929,196.160929,191.160929,191.160929
2016-08-12,97.223284,97.223284,97.223284,97.223284,97.223284,163.723284,163.723284,161.223284,161.223284,163.723284,167.723284,167.723284,167.223284,167.223284,167.723284,167.723284,167.223284,163.723284,167.223284,167.723284,167.223284,161.223284,161.223284,163.723284
2016-08-13,160.760855,160.760855,115.740855,115.740855,160.760855,160.760855,162.760855,169.260855,161.760855,168.260855,169.260855,169.260855,169.260855,169.260855,168.260855,162.760855,161.760855,161.760855,168.260855,252.760855,169.260855,162.760855,161.760855,168.260855
2016-08-14,168.484098,168.484098,116.464098,113.484098,113.484098,113.484098,113.484098,113.484098,168.484098,168.484098,176.484098,175.484098,176.484098,175.484098,175.484098,174.484098,174.484098,168.484098,176.484098,176.484098,176.484098,176.484098,176.484098,174.484098
2016-08-15,179.283204,179.283204,179.283204,179.283204,179.283204,179.283204,173.283204,179.283204,179.283204,179.283204,227.283204,227.283204,227.283204,227.283204,227.283204,222.283204,222.283204,179.283204,227.283204,227.283204,227.283204,227.283204,222.283204,179.283204
2016-08-16,226.071219,226.071219,226.071219,226.071219,226.071219,226.071219,226.071219,241.071219,256.071219,256.071219,281.071219,281.071219,281.071219,281.071219,286.071219,286.071219,281.071219,256.071219,281.071219,291.071219,291.071219,281.071219,256.071219,226.071219
2016-08-17,251.958123,250.958123,250.958123,250.958123,250.958123,255.958123,255.958123,250.958123,250.958123,290.958123,290.958123,295.958123,290.958123,290.958123,290.958123,290.958123,290.958123,255.958123,290.958123,295.958123,295.958123,290.958123,255.958123,255.958123
2016-08-18,250.863209,250.863209,250.863209,199.420209,250.863209,250.863209,250.863209,254.863209,254.863209,269.371209,301.863209,301.863209,301.863209,301.863209,301.863209,306.863209,301.863209,269.371209,301.863209,306.863209,301.863209,301.863209,254.863209,250.863209
2016-08-19,127.124059,127.124059,120.104059,120.104059,127.124059,137.124059,137.124059,137.124059,137.124059,222.124059,220.124059,220.124059,220.124059,204.681059,267.124059,267.124059,267.124059,247.124059,267.124059,287.124059,267.124059,247.124059,247.124059,137.124059
2016-08-20,132.620422,132.620422,127.621422,127.621422,127.621422,127.621422,127.621422,142.618422,192.621422,132.620422,142.618422,142.618422,142.618422,127.865422,132.620422,127.621422,127.621422,122.171422,142.618422,225.979422,192.621422,132.620422,127.621422,122.171422
2016-08-21,193.086686,143.083686,133.085686,133.085686,133.085686,123.200686,123.200686,123.200686,123.200686,123.200686,143.083686,193.086686,190.636686,190.636686,193.086686,143.083686,133.085686,133.085686,190.636686,193.086686,190.636686,190.636686,190.636686,143.083686
2016-08-22,205.414593,205.414593,230.300593,192.295593,205.414593,205.414593,205.414593,205.414593,205.414593,230.300593,307.300593,307.300593,307.300593,307.300593,307.300593,307.300593,307.300593,313.300593,307.300593,312.300593,307.300593,312.300593,205.414593,194.300593
2016-08-23,206.466003,206.466003,114.844003,204.144003,206.466003,261.266003,261.266003,306.466003,311.966003,306.466003,311.466003,311.466003,311.466003,311.466003,311.466003,311.466003,311.466003,302.466003,306.466003,311.466003,306.466003,303.466003,261.266003,261.266003
2016-08-24,314.822667,311.322667,311.322667,250.620667,251.025667,311.822667,311.822667,315.322667,315.822667,315.822667,320.322667,315.822667,315.422667,315.422667,315.422667,315.422667,315.322667,315.322667,315.422667,315.822667,315.422667,315.322667,315.322667,315.322667
2016-08-25,315.862808,250.862808,250.862808,251.066808,315.862808,316.862808,316.862808,318.862808,318.872808,318.872808,317.862808,318.862808,318.862808,318.872808,318.872808,318.872808,318.872808,318.872808,318.872808,318.872808,318.862808,316.862808,318.862808,316.862808
2016-08-26,251.360091,251.360091,251.158091,251.158091,251.360091,320.360091,319.360091,302.360091,320.360091,320.360091,253.665091,319.860091,319.360091,319.360091,319.370091,319.360091,319.370091,253.665091,319.370091,319.390091,319.370091,253.665091,302.360091,302.360091
2016-08-27,66.033225,119.013225,65.349225,65.349225,110.197225,131.277225,66.033225,256.033225,307.033225,307.033225,307.033225,307.033225,307.033225,307.033225,307.033225,307.033225,307.033225,307.033225,324.063225,324.063225,324.063225,307.033225,276.033225,262.312225
2016-08-28,303.481883,303.481883,253.321883,220.784883,253.321883,220.784883,182.481883,253.321883,253.321883,253.321883,253.321883,303.481883,303.481883,303.481883,303.481883,253.321883,253.321883,253.321883,303.481883,304.481883,304.481883,303.481883,303.481883,303.481883
2016-08-29,123.860605,123.860605,116.840605,116.840605,123.860605,123.860605,123.860605,133.860605,198.866605,263.860605,293.860605,303.860605,293.860605,293.860605,303.860605,303.860605,293.860605,293.860605,303.860605,322.860605,303.860605,293.860605,153.860605,133.860605
2016-08-30,121.802489,121.802489,121.802489,121.802489,121.802489,126.802489,126.802489,121.802489,131.802489,196.808489,196.808489,256.802489,157.667489,157.667489,256.802489,256.802489,157.667489,126.802489,266.802489,321.002489,256.802489,157.667489,126.802489,121.802489
2016-08-31,183.42795,183.42795,183.42795,159.29295,134.42795,183.42795,183.42795,183.42795,183.42795,183.42795,183.42795,322.52795,183.42795,198.85695,268.42795,268.42795,183.42795,183.42795,304.42795,304.42795,304.42795,198.85695,183.42795,183.42795
2016-09-01,162.073666,162.073666,162.073666,156.073666,162.073666,175.973666,175.973666,175.973666,175.973666,175.973666,175.973666,175.973666,175.973666,175.973666,191.073666,191.073666,175.973666,175.973666,191.073666,191.073666,191.073666,175.973666,162.073666,175.973666
2016-09-02,129.954781,129.954781,129.954781,119.954781,129.954781,129.954781,129.954781,134.954781,154.954781,175.954781,175.954781,175.954781,175.954781,175.954781,175.954781,175.954781,175.954781,175.954781,175.954781,175.954781,175.954781,175.954781,154.954781,129.954781
2016-09-03,136.395512,136.395512,136.395512,136.395512,136.395512,136.395512,136.395512,136.395512,156.396512,191.396512,191.396512,191.396512,191.396512,191.396512,192.396512,184.571512,156.396512,156.396512,191.396512,286.396512,304.396512,191.396512,191.396512,136.395512
2016-09-04,185.832926,151.832926,151.832926,150.832926,150.832926,151.832926,63.461926,151.832926,151.832926,151.832926,151.832926,151.832926,151.832926,151.832926,151.832926,151.832926,151.832926,151.832926,185.832926,190.832926,190.832926,185.832926,151.832926,151.832926
2016-09-05,173.593939,148.593939,148.593939,103.593939,173.593939,188.093939,188.093939,188.593939,193.593939,193.593939,188.593939,188.593939,188.593939,188.593939,188.593939,188.593939,188.593939,188.593939,189.593939,193.593939,189.593939,188.593939,189.593939,188.093939
2016-09-06,179.905998,135.161998,135.161998,105.171998,135.161998,190.171998,190.171998,303.171998,285.171998,303.671998,284.671998,284.671998,284.671998,284.671998,284.671998,284.671998,284.671998,284.671998,303.171998,304.171998,285.171998,284.671998,285.171998,210.171998
2016-09-07,275.456355,205.456355,205.456355,180.190355,205.456355,275.456355,275.456355,284.956355,290.456355,290.456355,284.956355,285.456355,284.956355,284.956355,284.956355,284.956355,284.956355,284.956355,285.456355,290.456355,285.456355,284.956355,284.956355,275.456355
2016-09-08,194.702121,194.202121,194.202121,194.202121,194.202121,194.702121,194.702121,204.202121,204.833121,224.202121,224.202121,229.202121,224.202121,224.202121,229.202121,229.202121,224.202121,204.202121,229.202121,229.202121,224.202121,214.202121,194.702121,194.702121
2016-09-09,193.224464,193.224464,193.224464,193.224464,193.224464,193.224464,193.224464,193.724464,193.724464,198.724464,211.224464,211.224464,198.724464,198.724464,211.224464,211.224464,211.224464,193.724464,233.724464,233.724464,233.724464,198.724464,198.724464,193.724464
2016-09-10,178.412472,178.412472,173.412472,173.412472,173.412472,173.412472,178.412472,187.412472,187.412472,193.112472,193.112472,193.112472,193.112472,187.412472,178.412472,178.412472,178.412472,178.412472,193.112472,193.112472,187.412472,178.412472,173.412472,173.412472
2016-09-11,115.364002,115.364002,105.364002,62.993002,105.364002,115.364002,62.993002,115.364002,145.364002,145.364002,151.364002,151.364002,151.364002,150.364002,150.364002,150.364002,145.364002,145.364002,178.364002,179.364002,179.364002,151.364002,151.364002,145.364002
2016-09-12,140.894499,140.894499,118.894499,118.894499,140.894499,167.894499,167.894499,173.894499,174.894499,174.894499,174.894499,174.894499,174.894499,174.894499,174.894499,174.894499,174.894499,174.894499,178.894499,178.894499,175.894499,174.894499,174.894499,140.894499
2016-09-13,93.5964,93.5964,93.5964,93.5964,114.0964,114.0964,114.0964,133.5964,133.5964,143.5964,143.5964,143.5964,133.5964,143.5964,143.5964,143.5964,143.5964,143.5964,189.5964,189.5964,143.5964,133.5964,133.5964,114.0964
2016-09-14,94.193375,94.193375,104.193375,61.822375,94.193375,106.193375,106.193375,106.193375,134.183375,134.183375,134.193375,134.193375,134.183375,134.183375,134.193375,134.183375,106.193375,106.193375,149.193375,134.193375,134.193375,106.193375,106.193375,104.193375
2016-09-15,86.481785,86.481785,86.481785,86.481785,86.481785,96.481785,96.481785,96.481785,111.481785,136.471785,136.481785,136.481785,136.481785,136.471785,136.481785,136.481785,136.471785,111.481785,156.481785,136.481785,136.481785,96.481785,96.481785,96.481785
2016-09-16,61.729047,61.729047,61.729047,61.729047,61.729047,62.100047,62.100047,62.100047,84.100047,84.100047,94.100047,134.100047,134.090047,94.100047,134.090047,134.090047,94.100047,84.100047,179.100047,134.100047,134.090047,94.100047,84.100047,64.100047
2016-09-17,65.870788,65.870788,65.870788,65.870788,65.870788,65.870788,65.870788,66.241788,68.241788,79.241788,138.231788,138.231788,138.231788,79.241788,79.241788,79.241788,68.241788,68.241788,138.231788,125.241788,79.241788,68.241788,68.241788,66.241788
2016-09-18,61.390696,61.390696,61.378696,61.378696,61.378696,61.378696,61.378696,61.378696,61.462696,61.556696,61.556696,74.749696,120.749696,120.749696,74.749696,74.749696,61.556696,61.556696,123.749696,123.749696,123.749696,123.749696,61.556696,61.462696
2016-09-19,70.046197,70.046197,70.046197,70.046197,70.046197,111.046197,111.046197,125.046197,159.046197,159.046197,159.046197,159.046197,159.046197,159.046197,161.046197,161.046197,159.046197,159.046197,302.046197,161.046197,159.046197,159.046197,125.046197,111.046197
2016-09-20,102.898154,102.898154,102.898154,102.898154,102.898154,102.898154,102.898154,129.898154,134.898154,147.898154,195.898154,195.898154,195.898154,195.898154,195.898154,195.898154,195.898154,147.898154,224.898154,302.898154,224.898154,195.898154,134.898154,127.898154
2016-09-21,114.283036,114.283036,114.283036,114.283036,114.283036,114.283036,114.283036,134.283036,144.283036,186.283036,184.283036,184.283036,184.283036,184.283036,184.283036,184.283036,184.283036,184.283036,186.283036,186.283036,184.283036,144.283036,144.283036,114.283036
2016-09-22,102.443003,102.443003,102.443003,102.443003,102.443003,115.443003,115.443003,134.443003,134.443003,149.443003,149.443003,149.443003,149.443003,149.443003,149.443003,149.443003,149.443003,149.443003,186.443003,186.443003,149.443003,134.443003,116.798003,102.443003
2016-09-23,72.27058,72.27058,72.27058,72.27058,72.27058,116.27058,104.27058,104.27058,116.27058,116.27058,116.27058,135.27058,116.27058,116.27058,116.27058,116.27058,116.27058,116.27058,188.27058,188.27058,135.27058,116.27058,116.27058,104.27058
2016-09-24,87.01231,87.01231,73.01231,87.01231,97.01231,97.01231,112.01231,97.01231,101.01231,101.01231,112.01231,128.01231,112.01231,101.01231,101.01231,101.01231,101.01231,101.01231,128.01231,128.01231,112.01231,112.01231,101.01231,99.01231
2016-09-25,85.660117,85.660117,85.660117,85.660117,85.660117,85.660117,85.660117,71.660117,71.660117,85.660117,105.660117,105.660117,105.660117,105.660117,105.660117,105.660117,105.660117,71.660117,105.660117,107.660117,105.660117,107.660117,105.660117,85.660117
2016-09-26,61.335807,61.335807,61.335807,61.335807,61.335807,69.706807,69.706807,66.706807,83.706807,103.706807,105.706807,105.706807,105.706807,105.706807,105.706807,105.706807,105.706807,105.706807,293.706807,185.706807,105.706807,105.706807,103.706807,83.706807
2016-09-27,64.679472,64.679472,64.679472,64.679472,64.679472,64.679472,64.679472,64.679472,67.050472,72.049472,72.049472,189.050472,73.050472,72.049472,113.667472,113.667472,72.049472,67.050472,297.050472,297.050472,189.050472,189.050472,72.049472,64.679472
2016-09-28,66.730319,66.730319,66.730319,66.730319,66.730319,66.730319,66.730319,66.730319,194.730319,194.730319,294.730319,306.730319,194.730319,194.730319,194.730319,194.730319,194.730319,194.730319,305.830319,306.730319,294.730319,194.730319,66.730319,66.730319
2016-09-29,62.509151,62.509151,62.509151,62.509151,62.509151,62.509151,62.509151,124.880151,194.880151,194.880151,294.880151,294.880151,194.880151,194.880151,294.880151,306.880151,294.880151,194.880151,306.880151,305.980151,194.880151,194.880151,124.880151,62.509151
2016-09-30,123.606939,123.606939,66.306939,61.935939,123.606939,199.210939,128.286939,199.210939,244.306939,254.306939,254.306939,254.306939,254.306939,254.306939,254.306939,254.306939,254.306939,243.306939,254.306939,254.306939,243.306939,243.306939,123.606939,66.306939
2016-10-01,132.149444,126.825444,103.845444,103.845444,103.845444,103.845444,103.845444,153.845444,153.845444,153.845444,153.845444,183.845444,183.845444,153.845444,153.845444,153.845444,153.845444,153.845444,193.845444,193.845444,183.845444,153.845444,153.845444,103.845444
2016-10-02,104.275579,104.275579,104.275579,104.275579,104.275579,104.275579,104.275579,104.275579,104.275579,105.275579,105.275579,105.275579,105.275579,105.275579,105.275579,105.275579,105.275579,105.275579,150.175579,150.175579,150.175579,150.175579,150.175579,105.275579
2016-10-03,75.026535,75.026535,75.026535,63.522535,104.026535,104.026535,154.926535,154.926535,154.926535,194.026535,199.026535,199.026535,194.026535,199.026535,199.026535,199.026535,199.026535,194.026535,204.026535,204.026535,199.026535,199.026535,154.926535,154.926535
2016-10-04,145.27558,128.74358,105.76358,105.76358,140.76358,140.76358,140.76358,140.76358,200.76358,200.76358,200.76358,205.76358,205.76358,200.76358,205.76358,205.76358,205.76358,200.76358,205.76358,205.76358,200.76358,200.76358,195.76358,140.76358
2016-10-05,66.317066,66.317066,66.317066,66.317066,66.317066,66.317066,66.317066,126.821066,129.801066,145.764066,196.821066,196.821066,206.821066,196.821066,196.821066,206.821066,196.821066,126.821066,206.821066,196.821066,196.821066,126.821066,126.821066,66.317066
2016-10-06,104.447355,104.447355,104.447355,104.447355,104.447355,104.447355,104.447355,104.447355,194.447355,204.447355,304.447355,304.447355,304.447355,194.447355,204.447355,204.447355,194.447355,194.447355,304.447355,304.447355,204.447355,194.447355,104.447355,104.447355
2016-10-07,110.073515,110.073515,110.073515,110.073515,110.073515,120.360515,120.360515,120.360515,120.360515,120.360515,120.360515,120.360515,120.360515,120.360515,120.360515,120.360515,120.360515,120.360515,195.360515,195.360515,205.360515,120.360515,120.360515,120.360515
2016-10-08,109.7495,109.7495,109.7495,109.7495,109.7495,109.7495,109.7495,109.7495,146.7495,146.7495,146.7495,146.7495,146.7495,146.7495,146.7495,146.7495,146.7495,146.7495,206.7495,206.7495,146.7495,146.7495,146.7495,146.7495
2016-10-09,107.623016,107.623016,107.623016,107.623016,107.623016,100.623016,100.623016,100.623016,100.623016,106.623016,106.623016,107.623016,133.436016,107.623016,107.623016,107.623016,106.623016,107.623016,133.436016,195.623016,133.436016,133.436016,133.436016,133.436016
2016-10-10,103.524617,103.524617,103.524617,93.524617,103.524617,93.524617,93.524617,103.524617,162.997617,162.997617,162.997617,162.997617,162.997617,162.997617,162.997617,162.997617,162.997617,162.997617,223.524617,223.524617,203.524617,162.997617,162.997617,138.987617
2016-10-11,149.022646,149.022646,149.022646,149.022646,149.022646,144.022646,149.022646,149.022646,174.022646,234.022646,234.022646,244.022646,234.022646,244.022646,244.022646,244.022646,244.022646,174.022646,294.022646,294.022646,244.022646,234.022646,244.022646,149.022646
2016-10-12,166.246933,166.246933,166.246933,166.246933,166.246933,246.246933,166.246933,166.246933,166.246933,166.246933,166.246933,166.246933,166.246933,166.246933,166.246933,166.246933,166.246933,176.246933,236.246933,236.246933,176.246933,176.246933,166.246933,166.246933
2016-10-13,152.075765,152.075765,152.075765,145.075765,124.132765,145.075765,152.075765,152.075765,175.075765,175.075765,235.075765,235.075765,235.075765,235.075765,235.075765,235.075765,235.075765,235.075765,245.075765,235.075765,235.075765,235.075765,227.461765,152.075765
2016-10-14,188.536953,188.536953,176.036953,147.036953,147.036953,147.036953,147.036953,176.036953,236.036953,236.036953,241.036953,241.036953,241.036953,241.036953,241.036953,241.036953,236.036953,236.036953,241.036953,241.036953,241.036953,236.036953,236.036953,176.036953
2016-10-15,179.123717,179.123717,179.123717,144.123717,179.123717,179.123717,179.123717,190.123717,239.123717,235.123717,239.123717,239.123717,239.123717,239.123717,235.123717,235.123717,195.123717,195.123717,245.123717,235.123717,235.123717,195.123717,190.123717,179.123717
2016-10-16,133.119112,133.119112,133.119112,133.119112,133.119112,133.119112,133.119112,133.119112,133.119112,165.119112,165.119112,165.119112,165.119112,165.119112,165.119112,165.119112,165.119112,165.119112,177.119112,177.119112,177.119112,165.119112,165.119112,133.119112
2016-10-17,174.939405,174.939405,132.939405,132.939405,132.939405,132.939405,132.939405,163.939405,174.939405,174.939405,174.939405,174.939405,179.939405,179.939405,179.939405,179.939405,174.939405,179.939405,233.939405,237.939405,232.939405,174.939405,174.939405,163.939405
2016-10-18,163.520564,163.520564,163.520564,163.520564,164.520564,164.520564,164.520564,165.520564,165.520564,165.520564,204.520564,204.520564,204.520564,204.520564,204.520564,204.520564,204.520564,204.520564,232.520564,232.520564,204.520564,165.520564,165.520564,165.520564
2016-10-19,120.36343,164.03243,64.52843,64.52843,95.03243,164.03243,184.03243,184.03243,184.03243,233.03243,233.03243,233.03243,233.03243,233.03243,233.03243,233.03243,233.03243,233.03243,295.03243,245.03243,245.03243,233.03243,233.03243,184.03243
2016-10-20,164.170736,164.170736,164.170736,200.670736,164.170736,200.670736,200.670736,164.170736,232.170736,239.170736,239.170736,244.170736,244.170736,244.170736,246.261736,255.724736,244.170736,239.170736,294.170736,294.170736,244.170736,239.170736,204.170736,164.170736
2016-10-21,207.467971,207.467971,200.967971,200.967971,207.467971,207.467971,207.467971,214.967971,214.967971,214.967971,214.967971,232.467971,214.967971,214.967971,214.967971,214.967971,214.967971,214.967971,244.467971,244.467971,214.967971,214.967971,214.967971,214.967971
2016-10-22,204.039483,204.039483,204.039483,203.789483,204.039483,204.039483,204.039483,204.039483,219.039483,219.039483,219.039483,219.039483,219.039483,219.039483,219.039483,219.039483,219.039483,219.039483,294.039483,249.039483,219.039483,219.039483,219.039483,204.039483
2016-10-23,204.371729,204.371729,204.371729,201.371729,204.371729,204.366729,201.371729,204.366729,204.371729,204.371729,204.371729,204.371729,204.371729,219.371729,219.371729,219.371729,219.371729,204.371729,219.371729,249.371729,249.371729,219.371729,219.371729,204.371729
2016-10-24,200.794852,200.794852,200.794852,200.794852,200.794852,200.794852,200.794852,208.794852,208.794852,218.794852,218.794852,243.794852,218.794852,218.794852,243.794852,243.794852,218.794852,243.794852,252.794852,252.794852,252.794852,218.794852,200.794852,200.794852
2016-10-25,198.446995,194.346995,194.346995,194.346995,194.346995,200.351995,200.351995,200.351995,200.351995,245.346995,245.346995,245.346995,245.346995,245.346995,245.346995,245.346995,245.346995,245.346995,296.346995,296.346995,245.346995,245.346995,200.351995,200.295995
2016-10-26,185.869564,185.869564,185.859564,185.859564,185.869564,198.696564,185.869564,244.983564,244.983564,244.983564,288.869564,288.869564,288.869564,288.869564,288.869564,288.869564,288.869564,288.869564,290.869564,290.869564,288.869564,288.869564,244.983564,185.869564
2016-10-27,188.635007,188.635007,178.635007,178.635007,188.635007,202.635007,208.635007,243.735007,256.635007,256.635007,256.635007,283.635007,256.635007,256.635007,283.635007,256.635007,256.635007,256.635007,283.635007,256.635007,256.635007,256.635007,256.635007,202.635007
2016-10-28,198.940034,190.940034,190.940034,176.290034,198.940034,198.940034,217.940034,217.940034,217.940034,217.940034,273.940034,280.940034,273.940034,273.940034,280.940034,273.940034,273.940034,273.940034,280.940034,280.940034,273.940034,217.940034,208.940034,198.940034
2016-10-29,173.828491,173.828491,173.828491,173.828491,173.828491,173.828491,173.828491,188.828491,188.828491,203.828491,258.828491,258.828491,258.828491,203.828491,203.828491,190.828491,188.828491,203.828491,258.828491,258.828491,258.828491,190.828491,188.828491,173.828491
2016-10-30,204.067318,134.067318,134.067318,134.067318,134.067318,134.067318,134.067318,134.067318,149.067318,149.067318,204.067318,184.067318,184.067318,184.067318,184.067318,204.067318,149.067318,184.067318,260.181318,244.067318,244.067318,204.067318,204.067318,184.067318
2016-10-31,117.87567,117.87567,116.77367,116.77367,117.87567,131.87567,131.87567,131.87567,167.87567,167.87567,167.87567,207.37567,167.87567,167.87567,186.87567,186.87567,167.87567,167.87567,207.37567,186.87567,167.87567,167.87567,167.87567,131.87567
2016-11-01,143.1322,128.1322,128.1322,128.1322,143.1322,143.1322,143.1322,143.1322,213.1322,213.1322,213.1322,243.1322,213.1322,243.1322,243.1322,243.1322,243.1322,243.1322,278.1322,278.1322,243.1322,243.1322,143.1322,143.1322
2016-11-02,151.280237,151.280237,130.260237,130.260237,151.280237,161.280237,196.280237,161.280237,226.280237,226.280237,226.280237,226.280237,226.280237,226.280237,226.280237,226.280237,226.280237,226.280237,241.280237,241.280237,241.280237,226.280237,161.280237,161.280237
2016-11-03,154.420705,154.420705,154.420705,146.420705,154.420705,154.420705,154.420705,181.420705,187.534705,187.534705,196.420705,193.420705,193.420705,193.420705,196.420705,196.420705,193.420705,193.420705,241.420705,241.420705,196.420705,196.420705,187.534705,154.420705
2016-11-04,102.759642,102.759642,102.759642,124.425642,102.759642,147.759642,147.759642,178.759642,178.759642,197.759642,215.759642,215.759642,197.759642,197.759642,215.759642,215.759642,215.759642,215.759642,215.759642,215.759642,215.759642,194.759642,178.759642,124.352642
2016-11-05,150.201431,147.201431,136.007431,125.701431,136.007431,150.201431,136.007431,158.201431,196.201431,196.201431,196.315431,196.315431,196.315431,196.315431,196.201431,196.201431,196.201431,196.201431,196.315431,196.315431,196.315431,196.201431,158.201431,150.201431
2016-11-06,156.243449,150.243449,150.243449,146.357449,150.243449,150.243449,146.357449,156.243449,156.243449,157.243449,157.243449,157.243449,157.243449,157.243449,157.243449,157.243449,157.243449,157.243449,158.043449,158.043449,158.043449,157.243449,157.243449,157.243449
2016-11-07,154.355157,154.355157,154.355157,154.355157,154.355157,154.355157,147.855157,154.355157,154.355157,167.469157,167.469157,167.469157,167.469157,167.469157,167.469157,167.469157,167.469157,167.469157,186.355157,186.355157,186.355157,167.469157,156.855157,154.355157
2016-11-08,144.0783,144.0783,144.0783,128.0783,144.0783,166.0783,166.0783,166.0783,180.5783,180.5783,180.5783,180.5783,180.5783,180.5783,180.5783,194.0783,180.5783,180.5783,194.0783,194.0783,180.5783,180.5783,166.0783,166.0783
2016-11-09,178.828939,156.728939,156.728939,144.728939,178.828939,180.842939,180.842939,180.842939,186.728939,186.728939,188.628939,188.628939,188.628939,188.628939,188.628939,188.628939,188.628939,188.628939,197.728939,188.628939,188.628939,188.628939,186.728939,180.842939
2016-11-10,184.19621,184.19621,184.19621,184.19621,184.19621,185.19621,185.19621,185.19621,189.19621,189.19621,189.19621,199.19621,189.19621,189.19621,199.19621,199.19621,199.19621,189.19621,199.19621,199.19621,189.19621,189.19621,184.19621,184.19621
2016-11-11,145.919242,145.919242,145.919242,145.919242,145.919242,145.919242,145.919242,194.919242,194.919242,194.919242,194.919242,194.919242,194.919242,194.919242,194.919242,194.919242,194.919242,197.919242,198.919242,197.919242,194.919242,194.919242,194.919242,145.919242
2016-11-12,144.514168,144.514168,144.514168,144.514168,144.514168,144.514168,144.514168,189.227168,187.514168,187.514168,187.514168,187.514168,187.514168,187.514168,187.514168,187.514168,187.514168,187.514168,189.227168,189.227168,187.514168,187.514168,187.514168,183.014168
2016-11-13,168.242831,168.242831,168.242831,168.242831,168.242831,168.242831,168.242831,168.242831,181.715831,181.715831,181.715831,181.715831,181.715831,181.715831,181.715831,181.715831,181.715831,181.715831,181.815831,181.815831,181.815831,181.715831,181.715831,181.715831
2016-11-14,151.417624,151.417624,151.417624,151.417624,151.417624,151.417624,151.417624,151.417624,171.317624,171.317624,171.317624,185.317624,179.417624,179.417624,171.317624,171.317624,171.317624,171.317624,186.230624,186.230624,186.230624,185.317624,171.317624,171.317624
2016-11-15,141.603452,141.603452,141.603452,141.603452,141.603452,185.503452,148.603452,168.603452,185.503452,195.503452,195.503452,195.503452,195.503452,195.503452,195.503452,195.503452,195.503452,195.503452,197.603452,197.603452,195.503452,195.503452,168.603452,148.603452
2016-11-16,126.748896,126.748896,126.748896,126.748896,126.748896,136.648896,171.748896,195.648896,195.648896,195.648896,195.748896,195.748896,195.748896,195.748896,195.748896,195.748896,195.748896,195.748896,195.748896,195.748896,195.748896,195.648896,195.648896,136.648896
2016-11-17,143.162173,143.162173,128.162173,103.162173,143.162173,143.162173,143.162173,145.162173,171.162173,188.062173,188.062173,188.062173,188.062173,188.062173,188.062173,188.062173,188.062173,188.062173,188.062173,188.062173,188.062173,171.162173,145.162173,125.304173
2016-11-18,128.545618,128.545618,128.545618,128.545618,128.545618,134.545618,134.545618,134.545618,139.445618,139.445618,139.445618,139.545618,139.445618,139.545618,139.545618,139.545618,139.445618,139.445618,209.545618,169.545618,139.445618,139.445618,134.545618,134.545618
2016-11-19,127.289481,127.289481,127.289481,126.289481,127.289481,127.289481,127.289481,127.289481,129.269481,136.788481,136.788481,136.788481,136.788481,136.788481,136.788481,136.788481,136.788481,136.788481,136.788481,136.788481,136.788481,136.788481,127.289481,127.289481
2016-11-20,116.39141,116.39141,116.39141,116.39141,116.39141,116.39141,116.39141,116.39141,116.39141,116.39141,122.39141,122.39141,122.39141,116.39141,122.39141,122.39141,116.39141,206.39141,151.99141,151.99141,151.99141,127.39141,116.39141,116.39141
2016-11-21,105.276675,105.276675,105.276675,104.276675,105.276675,119.176675,119.176675,119.176675,134.276675,154.276675,154.276675,154.276675,154.276675,154.276675,154.276675,154.276675,154.276675,154.276675,154.276675,154.276675,154.276675,154.276675,124.256675,119.176675
2016-11-22,108.081737,108.081737,108.081737,108.081737,108.081737,114.071737,114.071737,114.071737,118.081737,129.081737,129.081737,158.081737,129.081737,129.081737,198.081737,198.081737,158.081737,129.081737,208.081737,208.081737,208.081737,129.081737,118.081737,114.071737
2016-11-23,83.10663,83.10663,83.10663,83.10663,83.10663,128.09663,128.09663,128.09663,128.09663,128.09663,145.10663,145.10663,128.09663,128.09663,145.10663,145.10663,145.10663,128.09663,208.10663,188.10663,168.10663,168.10663,145.10663,128.09663
2016-11-24,122.816236,122.816236,122.816236,122.816236,122.816236,122.816236,122.816236,125.866236,122.816236,122.816236,125.866236,129.846236,122.816236,122.816236,129.846236,129.846236,122.816236,122.816236,192.866236,192.866236,187.866236,167.866236,167.866236,122.816236
2016-11-25,171.789451,156.839451,156.839451,156.839451,156.839451,156.839451,171.789451,171.789451,156.839451,171.789451,171.789451,171.789451,171.789451,171.789451,171.789451,171.789451,171.789451,176.839451,191.839451,176.839451,176.839451,176.839451,176.839451,176.839451
2016-11-26,165.771909,165.771909,165.771909,165.771909,165.771909,165.771909,165.771909,165.771909,165.771909,191.771909,191.771909,191.771909,191.771909,191.771909,191.771909,191.771909,165.771909,191.771909,206.771909,206.771909,206.771909,191.771909,191.771909,165.771909
2016-11-27,156.652279,156.652279,156.152279,156.152279,156.152279,156.152279,156.152279,156.152279,156.652279,156.652279,156.652279,156.652279,156.652279,156.652279,156.652279,156.652279,156.652279,156.652279,163.152279,163.152279,163.152279,156.652279,156.652279,156.652279
2016-11-28,156.218259,156.218259,156.218259,156.218259,165.718259,165.718259,165.718259,165.718259,174.218259,174.218259,189.718259,189.718259,189.718259,206.218259,206.218259,206.218259,206.218259,189.718259,206.218259,206.218259,189.718259,174.218259,174.218259,165.718259
2016-11-29,146.767114,146.767114,146.767114,146.767114,146.767114,146.767114,146.767114,162.267114,192.267114,187.267114,192.267114,192.267114,187.267114,192.267114,192.267114,192.267114,192.267114,192.267114,192.267114,192.267114,192.267114,192.267114,162.267114,146.767114
2016-11-30,147.395651,156.395651,156.395651,147.395651,156.395651,156.395651,160.895651,190.895651,191.395651,191.395651,191.395651,191.395651,191.395651,191.395651,191.395651,191.395651,191.395651,191.395651,191.395651,191.395651,191.395651,190.895651,190.895651,160.895651
2016-12-01,135.623084,135.623084,171.716084,118.103084,135.623084,135.623084,135.623084,135.623084,150.123084,156.123084,156.123084,156.123084,156.123084,156.123084,156.123084,156.123084,156.123084,156.123084,156.123084,156.123084,156.123084,156.123084,144.123084,135.623084
2016-12-02,77.080718,77.080718,62.564718,62.564718,62.564718,119.060718,119.060718,133.080718,144.580718,144.580718,144.580718,144.580718,144.580718,144.580718,144.580718,144.580718,144.580718,144.580718,145.580718,145.580718,144.580718,144.580718,144.580718,133.080718
2016-12-03,125.428119,124.428119,119.149119,61.913119,124.428119,124.428119,124.428119,125.428119,125.428119,133.428119,133.428119,133.428119,133.428119,133.428119,133.428119,133.428119,133.428119,133.428119,134.428119,134.428119,133.428119,133.428119,133.428119,125.428119
2016-12-04,76.442094,76.442094,61.926094,61.926094,61.926094,76.442094,61.926094,76.442094,76.442094,76.442094,136.442094,100.442094,100.442094,100.442094,100.442094,100.442094,100.442094,76.442094,100.442094,100.442094,100.442094,100.442094,76.442094,76.442094
2016-12-05,61.67805,61.67805,61.67805,61.67805,61.67805,61.67805,61.67905,61.67905,71.19405,71.19405,71.19405,71.19405,71.19405,71.19405,71.19405,71.19405,71.19405,71.19405,152.19405,152.19405,152.19405,71.19405,61.68005,61.67905
2016-12-06,62.212243,62.212243,62.212243,62.212243,62.212243,62.212243,62.212243,62.212243,71.228243,71.228243,71.228243,71.728243,71.228243,71.228243,71.728243,71.728243,71.728243,71.228243,141.728243,141.728243,71.728243,71.228243,71.228243,62.212243
2016-12-07,62.663366,62.663366,62.663366,62.663366,62.663366,62.663366,62.663366,62.663366,62.663366,62.663366,62.663366,62.663366,62.663366,62.663366,62.663366,62.663366,62.663366,62.663366,62.663366,62.663366,62.663366,62.663366,62.663366,62.663366
2016-12-08,61.609287,61.609287,61.609287,61.609287,61.609287,61.609287,61.609287,61.609287,61.609287,61.609287,61.609287,61.609287,61.609287,61.609287,61.609287,61.609287,61.609287,61.609287,61.609287,61.609287,61.609287,61.609287,61.609287,61.609287
2016-12-09,61.100689,61.100689,61.100689,61.100689,61.100689,61.100689,61.100689,61.100689,61.100689,61.100689,75.616689,75.616689,75.616689,75.616689,75.616689,75.616689,75.616689,75.616689,140.616689,140.616689,140.616689,61.100689,61.100689,61.100689
2016-12-10,62.553075,62.553075,62.553075,62.553075,62.553075,62.553075,62.553075,62.553075,62.553075,62.553075,62.553075,62.553075,62.553075,62.553075,62.553075,62.553075,62.553075,62.553075,142.069075,142.069075,142.069075,62.553075,62.553075,62.553075
2016-12-11,61.172545,61.172545,61.172545,61.172545,61.172545,61.172545,61.172545,61.172545,61.172545,61.172545,61.172545,61.172545,61.172545,61.172545,61.172545,61.172545,61.172545,61.172545,61.172545,61.172545,61.172545,61.172545,61.172545,61.172545
2016-12-12,61.243079,61.243079,61.243079,61.243079,61.243079,61.243079,61.243079,90.759079,90.759079,99.759079,105.759079,105.759079,105.759079,105.759079,105.759079,105.759079,105.759079,105.759079,140.759079,140.759079,105.759079,105.759079,99.759079,90.759079
2016-12-13,71.554222,71.554222,71.554222,71.554222,71.554222,71.554222,71.554222,91.554222,91.554222,96.554222,141.554222,141.554222,141.554222,141.554222,141.554222,141.554222,141.554222,96.554222,301.554222,141.554222,141.554222,96.554222,91.554222,91.554222
2016-12-14,91.246422,91.246422,91.246422,91.246422,91.246422,91.246422,91.246422,117.726422,115.746422,115.746422,115.746422,140.746422,115.746422,135.746422,140.746422,140.746422,140.746422,140.746422,140.746422,180.746422,140.746422,115.746422,115.746422,93.746422
2016-12-15,114.605339,114.605339,100.605339,100.605339,100.605339,114.605339,114.605339,129.405339,129.405339,129.405339,140.605339,140.605339,135.705339,135.705339,135.705339,140.605339,135.705339,129.405339,135.705339,135.705339,129.405339,129.405339,117.585339,114.605339
2016-12-16,117.588019,100.608019,100.608019,100.608019,100.608019,117.588019,124.607019,129.108019,129.108019,134.658019,134.658019,134.658019,134.658019,134.658019,134.658019,134.658019,134.658019,134.658019,134.658019,134.658019,134.658019,134.658019,129.108019,129.108019
2016-12-17,128.478201,128.478201,125.578201,117.558201,117.558201,118.558201,118.558201,128.478201,134.568201,140.078201,140.078201,140.078201,140.078201,140.078201,140.078201,140.078201,140.078201,140.078201,140.578201,140.578201,140.573201,140.078201,140.578201,128.478201
2016-12-18,140.114522,125.639522,124.139522,140.239522,124.139522,124.139522,124.139522,124.139522,125.639522,140.139522,140.139522,140.139522,140.139522,140.139522,140.139522,140.139522,140.139522,140.139522,140.239522,140.239522,140.139522,140.139522,125.639522,124.139522
2016-12-19,130.651293,130.651293,120.651293,120.651293,130.651293,130.651293,130.651293,134.650293,134.650293,134.650293,140.651293,140.651293,140.651293,140.651293,140.651293,140.651293,140.651293,134.650293,140.651293,140.651293,139.126293,134.650293,134.650293,131.751293
2016-12-20,139.373331,137.473331,135.573331,135.573331,135.573331,139.373331,139.373331,140.373331,140.373331,141.373331,141.373331,144.373331,144.373331,144.373331,144.373331,144.373331,144.373331,144.373331,144.373331,144.373331,144.373331,141.373331,140.373331,140.373331
2016-12-21,136.600208,134.700208,130.900208,130.900208,130.900208,136.600208,136.600208,137.100208,141.400208,141.600208,141.400208,141.400208,141.400208,141.400208,141.400208,141.400208,141.400208,141.400208,141.600208,141.600208,141.600208,141.400208,141.400208,137.100208
2016-12-22,121.06456,121.06456,121.06456,121.06456,121.06456,122.81656,134.06356,134.06456,141.06456,134.06456,141.06456,141.06456,141.06456,141.06456,141.06456,141.06456,134.06456,134.06456,141.06456,141.06456,140.56456,134.06456,134.06456,134.06356
2016-12-23,120.41439,120.41439,120.41439,120.41439,120.41439,120.41439,120.41439,126.31439,126.31439,141.31439,126.31439,131.29439,131.29439,131.29439,126.31439,126.31439,126.20739,120.41439,141.31439,132.31439,126.31439,126.31439,131.29439,120.41439
2016-12-24,130.526332,127.526332,127.526332,127.526332,127.526332,127.526332,127.526332,127.526332,130.526332,130.526332,131.426332,130.526332,130.526332,131.426332,130.526332,130.526332,130.526332,130.526332,131.426332,131.426332,131.426332,130.526332,130.526332,130.526332
2016-12-25,98.718478,98.718478,98.718478,98.718478,98.718478,98.718478,98.718478,98.718478,98.718478,98.718478,109.718478,109.718478,108.718478,108.718478,108.718478,108.718478,108.718478,98.718478,109.718478,109.718478,109.718478,109.718478,98.718478,108.718478
2016-12-26,91.673203,106.673203,91.673203,91.673203,101.673203,101.673203,103.673203,103.673203,103.673203,106.673203,111.773203,111.773203,111.773203,111.773203,111.773203,111.773203,111.773203,106.673203,111.773203,111.773203,111.773203,111.773203,103.673203,103.673203
2016-12-27,91.614851,91.614851,62.098851,86.614851,91.614851,91.614851,91.614851,103.014851,103.014851,103.014851,106.614851,106.614851,106.614851,106.614851,106.614851,106.614851,106.614851,106.614851,116.614851,126.614851,116.614851,103.014851,103.014851,103.014851
2016-12-28,106.996261,103.496261,91.496261,91.496261,91.496261,103.496261,103.496261,103.496261,106.996261,106.996261,111.496261,111.496261,116.496261,106.996261,106.996261,106.996261,106.996261,106.996261,111.496261,111.496261,111.496261,106.996261,106.996261,103.496261
2016-12-29,101.681007,91.681007,91.681007,91.681007,91.681007,91.681007,91.681007,106.681007,107.181007,107.181007,107.181007,107.181007,107.181007,107.181007,107.181007,107.181007,107.181007,107.181007,111.681007,111.681007,107.181007,107.181007,107.181007,106.681007
2016-12-30,92.757591,92.757591,92.757591,92.757591,92.757591,92.757591,92.757591,92.757591,93.757591,125.757591,101.757591,101.757591,101.757591,93.757591,93.757591,93.757591,93.757591,93.757591,101.757591,101.757591,101.757591,108.757591,93.757591,92.757591
2016-12-31,86.989062,86.989062,86.989062,86.989062,86.989062,86.989062,86.989062,86.989062,86.989062,86.989062,90.989062,90.989062,90.989062,90.989062,90.989062,90.989062,90.989062,90.989062,90.989062,90.989062,90.989062,90.989062,90.989062,90.989062
